516868.692,af26,-1309,4069,-5588,0,31
516876.695,af26,-552,2387,-5759,0,32
516884.707,af26,-277,3542,-5014,0,33
516892.728,af26,-470,2445,-3785,0,34
516900.738,af26,-427,1523,-2950,0,35
516908.742,af26,89,911,-2215,0,36
516916.761,af26,387,237,-1839,0,37
516924.768,af26,279,-374,-1743,0,38
516932.769,af26,230,-542,-1781,0,39
516940.777,af26,-536,-341,-2219,0,40
516948.783,af26,23,226,-2648,0,41
516956.791,af26,-138,-1625,-3383,0,42
516964.787,af26,-276,-700,-4185,0,43
516972.785,af26,-327,-596,-4867,0,44
516980.773,af26,-617,-1023,-5281,0,45
516988.763,af26,-799,-275,-5383,0,46
516996.752,af26,-773,-104,-5189,0,47
517004.755,af26,-365,259,-4780,0,48
517012.758,af26,18,508,-3768,0,49
517020.767,af26,-168,835,-2892,0,50
517028.776,af26,-145,1186,-2470,0,51
517036.794,af26,-284,593,-2008,0,52
517044.801,af26,-117,339,-1877,0,53
517052.812,af26,-5,1333,-1953,0,54
517060.831,af26,0,1213,-2246,0,55
517068.839,af26,23,666,-2708,0,56
517076.838,af26,-116,1103,-3248,0,57
517084.84,af26,-252,818,-3886,0,58
517092.846,af26,-376,327,-4482,0,59
517100.852,af26,-484,321,-4913,0,60
517108.85,af26,-606,280,-5128,0,61
517116.852,af26,-482,-171,-5024,0,62
517124.856,af26,-425,-109,-4504,0,63
517132.863,af26,-341,-83,-3834,0,64
517140.864,af26,-103,-40,-3225,0,65
517148.868,af26,50,-46,-2744,0,66
517156.873,af26,127,-48,-2341,0,67
517164.874,af26,119,59,-2164,0,68
517172.885,af26,59,85,-2108,0,69
517180.881,af26,-26,175,-2328,0,70
517188.879,af26,-74,285,-2726,0,71
517196.889,af26,-118,388,-3247,0,72
517204.888,af26,-170,467,-3755,0,73
517212.882,af26,-360,523,-4287,0,74
517220.883,af26,-529,566,-4778,0,75
517228.894,af26,-592,720,-4872,0,76
517236.892,af26,-546,643,-4723,0,77
517244.895,af26,-407,668,-4445,0,78
517252.891,af26,-209,602,-3961,0,79
517260.889,af26,-56,495,-3401,0,80
517268.889,af26,-48,366,-2934,0,81
517276.883,af26,-95,254,-2526,0,82
517284.875,af26,28,136,-2356,0,83
517292.877,af26,62,11,-2341,0,84
517300.88,af26,236,-485,-2426,0,85
517308.885,af26,370,-1798,-2888,0,86
517316.876,af26,-40,-3199,-3278,0,87
517324.871,af26,115,-3856,-4678,0,88
517332.875,af26,302,-6871,-5009,0,89
517340.883,af26,-1147,-3457,-4774,0,90
517348.877,af26,-676,-5192,-4464,0,91
517356.87,af26,-743,-4403,-3992,0,92
517364.868,af26,-1244,-1605,-3561,0,93
517372.855,af26,-955,-1716,-3314,0,94
517380.845,af26,-1165,-766,-3120,0,95
517388.899,af26,-1070,517,-3025,0,96
517396.962,af26,-682,378,-2535,0,97
517405.019,af26,-800,505,-2780,0,98
517413.082,af26,-1076,655,-3214,0,99
517421.14,af26,-1131,-167,-3811,0,100
517429.191,af26,-1285,183,-3625,0,101
517437.26,af26,-1041,-1164,-4687,0,102
517445.322,af26,-1037,-967,-4304,0,103
517453.378,af26,-1113,-77,-4748,0,104
517461.436,af26,-1403,-2152,-4765,0,105
517469.495,af26,-2235,353,-3389,0,106
517477.568,af26,-1756,-866,-3544,0,107
517485.637,af26,-1605,-93,-3547,0,108
517493.7,af26,-1716,107,-2996,0,109
517501.763,af26,-1508,183,-2516,0,110
517509.828,af26,-1685,1332,-2506,0,111
517517.896,af26,-1538,1053,-3316,0,112
517525.97,af26,-1160,1618,-2054,0,113
517534.035,af26,-822,1107,-3430,0,114
517542.103,af26,-1050,3511,-4245,0,115
517550.182,af26,-800,4500,-4416,0,116
517558.248,af26,-1074,5293,-4633,0,117
517566.312,af26,-1030,6289,-4380,0,118
517574.381,af26,-861,6513,-4157,0,119
517582.445,af26,-989,6208,-3139,0,120
517590.512,af26,-700,5510,-2418,0,121
517598.578,af26,-373,4706,-1991,0,122
517606.642,af26,-279,3001,-1776,0,123
517614.703,af26,7,1867,-1862,0,124
517622.77,af26,102,579,-2366,0,125
517630.843,af26,-36,-399,-2892,0,126
517638.914,af26,-1140,-1642,-3701,0,127
517646.982,af26,-1294,-731,-4411,0,128
517655.052,af26,-1520,-1673,-5071,0,129
517663.128,af26,69,-3024,-5384,0,130
517671.203,af26,-394,-1936,-5146,0,131
517679.27,af26,-388,-2607,-4495,0,132
517687.343,af26,-367,-1646,-3869,0,133
517695.413,af26,-29,-1026,-3163,0,134
517703.474,af26,222,-1041,-2515,0,135
517711.535,af26,-72,-342,-2068,0,136
517719.606,af26,259,276,-2084,0,137
517727.676,af26,128,452,-2174,0,138
517735.731,af26,-226,1069,-2593,0,139
517743.793,af26,-467,1303,-3347,0,140
517751.869,af26,-397,333,-3926,0,141
517759.931,af26,-558,577,-4329,0,142
517767.993,af26,-603,1150,-4672,0,143
517776.06,af26,-390,239,-4849,0,144
517784.123,af26,-515,561,-4606,0,145
517792.188,af26,-290,248,-4202,0,146
517800.269,af26,-275,-115,-3690,0,147
517808.334,af26,-162,-109,-3209,0,148
517816.403,af26,-129,-358,-2742,0,149
517824.473,af26,-46,-609,-2393,0,150
517832.539,af26,-79,402,-2320,0,151
517840.615,af26,-16,-467,-2585,0,152
517848.686,af26,-12,-796,-2995,0,153
517856.759,af26,-257,18,-3449,0,154
517864.825,af26,-141,-617,-4013,0,155
517872.891,af26,-395,-269,-4443,0,156
517880.955,af26,-517,-118,-4673,0,157
517889.025,af26,-565,-193,-4700,0,158
517897.087,af26,-528,194,-4338,0,159
517905.147,af26,-370,241,-3888,0,160
517913.208,af26,-197,414,-3368,0,161
517921.279,af26,-166,513,-2924,0,162
517929.338,af26,-89,559,-2601,0,163
517937.396,af26,-13,393,-2447,0,164
517945.458,af26,-64,377,-2438,0,165
517953.533,af26,-79,228,-2670,0,166
517961.598,af26,-116,331,-3040,0,167
517969.672,af26,-234,128,-3544,0,168
517977.738,af26,-334,1,-3968,0,169
517985.809,af26,-493,-120,-4452,0,170
517993.87,af26,-523,-250,-4585,0,171
518001.931,af26,-392,-293,-4512,0,172
518009.996,af26,-323,-321,-4310,0,173
518018.074,af26,-253,-299,-3854,0,174
518026.142,af26,-167,-256,-3403,0,175
518034.22,af26,-98,-152,-2990,0,176
518042.293,af26,-73,-72,-2727,0,177
518050.364,af26,-81,35,-2610,0,178
518058.438,af26,-86,134,-2689,0,179
518066.521,af26,-158,219,-2966,0,180
518074.587,af26,-212,265,-3330,0,181
518082.66,af26,-223,335,-3720,0,182
518090.726,af26,-242,486,-4075,0,183
518098.793,af26,-475,1315,-4359,0,184
518106.878,af26,-705,2648,-4468,0,185
518114.949,af26,-648,2522,-4418,0,186
518123.028,af26,-490,3959,-4167,0,187
518131.093,af26,-1405,5806,-3357,0,188
518139.16,af26,-704,3582,-3016,0,189
518147.224,af26,-733,5231,-2531,0,190
518155.294,af26,-656,3045,-2350,0,191
518163.374,af26,-414,2475,-1873,0,192
518171.452,af26,-794,1926,-2116,0,193
518179.53,af26,-1039,1342,-2394,0,194
518187.613,af26,-571,205,-2253,0,195
518195.705,af26,-835,217,-3424,0,196
518203.779,af26,-546,615,-4519,0,197
518211.85,af26,-1483,136,-5146,0,198
518219.93,af26,-1766,91,-4329,0,199
518228.012,af26,-2296,1189,-4710,0,200
518236.103,af26,-1605,369,-5405,0,201
518244.184,af26,-1643,1349,-3483,0,202
518252.263,af26,-1153,1082,-3771,0,203
518260.341,af26,-1204,724,-3551,0,204
518268.423,af26,-1396,1447,-2405,0,205
518276.498,af26,-1255,1166,-2312,0,206
518284.588,af26,-1656,991,-2257,0,207
518292.659,af26,-1390,253,-2508,0,208
518300.737,af26,-1164,408,-2677,0,209
518308.811,af26,-1510,-157,-2719,0,210
518316.883,af26,-1312,-43,-3661,0,211
518324.967,af26,-1910,-2004,-2305,0,212
518333.06,af26,-1755,-1842,-5243,0,213
518341.139,af26,-1310,-1116,-5324,0,214
518349.213,af26,-1118,-3237,-5220,0,215
518357.288,af26,-627,-4970,-5116,0,216
518365.373,af26,-728,-5139,-4648,0,217
518373.453,af26,-314,-7196,-3696,0,218
518381.523,af26,-115,-6626,-2842,0,219
518389.594,af26,60,-6340,-2210,0,220
518397.67,af26,194,-5467,-1691,0,221
518405.744,af26,348,-3491,-1572,0,222
518413.81,af26,302,-1962,-1838,0,223
518421.878,af26,290,-667,-2270,0,224
518429.939,af26,-13,688,-2854,0,225
518438.003,af26,227,1778,-3545,0,226
518446.068,af26,766,2641,-4442,0,227
518454.135,af26,-1544,2868,-5104,0,228
518462.202,af26,-809,4461,-6006,0,229
518470.274,af26,46,3781,-5753,0,230
518478.342,af26,-755,3038,-4904,0,231
518486.414,af26,-765,2994,-4206,0,232
518494.483,af26,-478,1007,-3435,0,233
518502.561,af26,-76,1120,-2699,0,234
518510.633,af26,-2,571,-2104,0,235
518518.701,af26,216,-79,-1808,0,236
518526.769,af26,453,-989,-1823,0,237
518534.836,af26,-249,-463,-2147,0,238
518542.91,af26,107,408,-2437,0,239
518550.982,af26,43,-1569,-3102,0,240
518559.058,af26,-191,-823,-3852,0,241
518567.122,af26,-313,-474,-4543,0,242
518575.18,af26,-393,-1021,-5063,0,243
518583.238,af26,-778,-166,-5264,0,244
518591.302,af26,-825,-105,-5193,0,245
518599.378,af26,-508,233,-4962,0,246
518607.459,af26,-252,597,-4130,0,247
518615.528,af26,-209,864,-3490,0,248
518623.61,af26,60,863,-2844,0,249
518631.691,af26,-120,738,-2274,0,250
518639.771,af26,-42,365,-1976,0,251
518647.848,af26,142,1143,-1883,0,252
518655.918,af26,76,1290,-2080,0,253
518663.985,af26,14,627,-2471,0,254
518672.057,af26,-60,989,-2950,0,255
518680.124,af26,-271,833,-3525,0,0
518688.196,af26,-393,280,-4387,0,1
518696.265,af26,-464,312,-4846,0,2
518704.335,af26,-543,86,-5113,0,3
518712.413,af26,-539,-63,-5074,0,4
518720.495,af26,-495,-67,-4722,0,5
518728.593,af26,-430,-75,-4174,0,6
518736.685,af26,-220,-59,-3558,0,7
518744.763,af26,-24,-74,-2943,0,8
518752.838,af26,62,-57,-2565,0,9
518760.908,af26,103,135,-2203,0,10
518768.985,af26,79,94,-2172,0,11
518777.058,af26,-24,246,-2330,0,12
518785.143,af26,-74,371,-2699,0,13
518793.228,af26,-89,434,-3173,0,14
518801.309,af26,-187,480,-3693,0,15
518809.403,af26,-324,511,-4223,0,16
518817.474,af26,-482,516,-4586,0,17
518825.551,af26,-541,734,-4822,0,18
518833.628,af26,-542,608,-4750,0,19
518841.7,af26,-413,686,-4436,0,20
518849.773,af26,-263,505,-4013,0,21
518857.845,af26,-111,507,-3474,0,22
518865.925,af26,-108,379,-2999,0,23
518874.002,af26,-29,218,-2596,0,24
518882.08,af26,-10,147,-2383,0,25
518890.148,af26,35,35,-2348,0,26
518898.213,af26,18,-534,-2584,0,27
518906.289,af26,269,-1103,-3034,0,28
518914.358,af26,789,-1100,-3693,0,29
518922.431,af26,-716,-2876,-4671,0,30
518930.502,af26,266,-6605,-4427,0,31
518938.577,af26,-917,-4180,-4628,0,32
518946.651,af26,-912,-4983,-4563,0,33
518954.718,af26,-1192,-5160,-4511,0,34
518962.788,af26,-935,-1912,-3773,0,35
518970.855,af26,-929,-1747,-3519,0,36
518978.929,af26,-735,-1235,-2759,0,37
518986.995,af26,-1471,1106,-2321,0,38
518995.073,af26,-1157,994,-2869,0,39
519003.143,af26,-1380,810,-2974,0,40
519011.215,af26,-954,873,-3524,0,41
519019.282,af26,-1561,926,-3570,0,42
519027.358,af26,-1396,-733,-3834,0,43
519035.426,af26,-787,123,-4661,0,44
519043.501,af26,-743,-929,-4099,0,45
519051.583,af26,-1430,-659,-4052,0,46
519059.657,af26,-951,-1096,-4596,0,47
519067.733,af26,-1506,-107,-3702,0,48
519075.807,af26,-1238,-1280,-2942,0,49
519083.897,af26,-1328,-271,-3710,0,50
519091.978,af26,-1333,624,-2672,0,51
519100.045,af26,-1683,288,-2671,0,52
519108.126,af26,-1078,391,-3246,0,53
519116.199,af26,-1531,661,-2844,0,54
519124.275,af26,-305,1665,-3098,0,55
519132.348,af26,-1079,2062,-3287,0,56
519140.42,af26,-761,3402,-3978,0,57
519148.491,af26,-1297,4838,-4236,0,58
519156.558,af26,-1040,5097,-4821,0,59
519164.631,af26,-1174,6336,-4419,0,60
519172.708,af26,-1028,6565,-3906,0,61
519180.774,af26,-1062,6343,-3524,0,62
519188.848,af26,-597,6147,-2608,0,63
519196.921,af26,-48,4726,-2111,0,64
519204.987,af26,-175,3573,-1845,0,65
519213.064,af26,207,2192,-1904,0,66
519221.138,af26,97,245,-2396,0,67
519229.208,af26,23,-296,-3025,0,68
519237.284,af26,-1285,-1303,-3793,0,69
519245.354,af26,-1178,-878,-4752,0,70
519253.428,af26,-1029,-2185,-5325,0,71
519261.504,af26,-216,-3329,-5654,0,72
519269.581,af26,-608,-1791,-5373,0,73
519277.65,af26,24,-2710,-4788,0,74
519285.723,af26,-219,-1946,-3980,0,75
519293.806,af26,52,-1190,-3070,0,76
519301.885,af26,226,-1099,-2494,0,77
519309.963,af26,-44,-245,-2067,0,78
519318.038,af26,216,54,-2102,0,79
519326.116,af26,12,535,-2203,0,80
519334.193,af26,-254,943,-2586,0,81
519342.266,af26,-467,1321,-3157,0,82
519350.343,af26,-397,445,-3581,0,83
519358.415,af26,-439,-28,-4205,0,84
519366.49,af26,-637,1154,-4637,0,85
519374.564,af26,-411,261,-4732,0,86
519382.641,af26,-491,535,-4586,0,87
519390.715,af26,-258,299,-4166,0,88
519398.797,af26,-258,-149,-3642,0,89
519406.873,af26,-136,-86,-3151,0,90
519414.948,af26,-54,-445,-2757,0,91
519423.03,af26,26,-503,-2465,0,92
519431.114,af26,22,340,-2329,0,93
519439.207,af26,-35,-74,-2511,0,94
519447.286,af26,24,-769,-2997,0,95
519455.362,af26,-277,62,-3513,0,96
519463.452,af26,-139,-686,-4071,0,97
519471.536,af26,-386,-241,-4497,0,98
519479.616,af26,-500,-134,-4688,0,99
519487.696,af26,-529,-200,-4672,0,100
519495.787,af26,-566,140,-4378,0,101
519503.882,af26,-436,247,-3955,0,102
519511.968,af26,-188,347,-3488,0,103
519520.053,af26,-189,499,-2864,0,104
519528.142,af26,-114,533,-2591,0,105
519536.218,af26,-19,378,-2406,0,106
519544.3,af26,-24,285,-2495,0,107
519552.375,af26,-93,305,-2748,0,108
519560.449,af26,-116,370,-3142,0,109
519568.53,af26,-219,111,-3560,0,110
519576.609,af26,-314,-77,-3997,0,111
519584.698,af26,-491,-106,-4382,0,112
519592.774,af26,-520,-219,-4587,0,113
519600.858,af26,-443,-282,-4506,0,114
519608.933,af26,-342,-303,-4213,0,115
519617.01,af26,-240,-282,-3769,0,116
519625.087,af26,-129,-208,-3339,0,117
519633.183,af26,-27,-185,-2965,0,118
519641.268,af26,-51,-41,-2697,0,119
519649.35,af26,-99,22,-2589,0,120
519657.433,af26,-69,87,-2638,0,121
519665.528,af26,-184,240,-3000,0,122
519673.616,af26,-220,269,-3356,0,123
519681.709,af26,-251,318,-3766,0,124
519689.793,af26,-220,593,-4082,0,125
519697.874,af26,-325,1609,-4365,0,126
519705.962,af26,-749,3015,-4177,0,127
519714.041,af26,-892,2131,-3976,0,128
519722.123,af26,-1175,4016,-3954,0,129
519730.205,af26,-1806,5743,-3906,0,130
519738.288,af26,-1558,4176,-3044,0,131
519746.372,af26,-686,4813,-2310,0,132
519754.452,af26,-401,2962,-2454,0,133
519762.531,af26,-943,1978,-2305,0,134
519770.608,af26,-1104,1813,-2242,0,135
519778.692,af26,-597,881,-2162,0,136
519786.782,af26,-973,-41,-2734,0,137
519794.865,af26,-1151,588,-3243,0,138
519802.943,af26,-1150,358,-4582,0,139
519811.033,af26,-925,190,-4307,0,140
519819.108,af26,-2084,369,-5073,0,141
519827.199,af26,-1928,1614,-4311,0,142
519835.28,af26,-1092,399,-5000,0,143
519843.356,af26,-1616,1247,-3826,0,144
519851.428,af26,-1379,1217,-4048,0,145
519859.504,af26,-1486,806,-3849,0,146
519867.579,af26,-909,1101,-3033,0,147
519875.649,af26,-1081,-62,-3014,0,148
519883.733,af26,-1106,996,-2338,0,149
519891.803,af26,-1241,-134,-2799,0,150
519899.883,af26,-983,357,-2667,0,151
519907.968,af26,-1570,-422,-3736,0,152
519916.038,af26,-1331,-885,-4049,0,153
519924.118,af26,-1824,-1349,-5520,0,154
519932.197,af26,-1034,-1381,-4315,0,155
519940.273,af26,-1380,-1174,-5556,0,156
519948.346,af26,-915,-3318,-5018,0,157
519956.42,af26,-949,-4385,-4781,0,158
519964.494,af26,-427,-5045,-4504,0,159
519972.566,af26,-304,-7079,-3767,0,160
519980.646,af26,-6,-6900,-2920,0,161
519988.721,af26,-106,-6899,-2241,0,162
519996.81,af26,218,-5771,-1850,0,163
520004.888,af26,251,-4113,-1669,0,164
520012.963,af26,317,-2441,-1823,0,165
520021.033,af26,229,-914,-2205,0,166
520029.11,af26,-204,466,-2857,0,167
520037.19,af26,-1258,1415,-3439,0,168
520045.273,af26,-103,1869,-3966,0,169
520053.343,af26,-1544,3031,-4672,0,170
520061.428,af26,-1318,4591,-5808,0,171
520069.511,af26,-72,3838,-6123,0,172
520077.586,af26,-342,3807,-5167,0,173
520085.673,af26,-826,3469,-4177,0,174
520093.743,af26,-486,1452,-3465,0,175
520101.823,af26,-19,1084,-2753,0,176
520109.894,af26,70,518,-2152,0,177
520117.968,af26,189,-50,-1765,0,178
520126.04,af26,411,-828,-1689,0,179
520134.116,af26,170,-107,-1915,0,180
520142.191,af26,-28,-432,-2354,0,181
520150.266,af26,17,-1212,-2994,0,182
520158.34,af26,-152,-948,-3788,0,183
520166.415,af26,-364,-961,-4525,0,184
520174.505,af26,-356,-987,-5030,0,185
520182.578,af26,-756,-706,-5310,0,186
520190.66,af26,-794,-413,-5264,0,187
520198.742,af26,-427,370,-4812,0,188
520206.814,af26,-456,517,-4185,0,189
520214.891,af26,-217,777,-3492,0,190
520222.969,af26,-14,678,-2924,0,191
520231.05,af26,-99,737,-2348,0,192
520239.12,af26,-16,661,-2081,0,193
520247.18,af26,237,1028,-1944,0,194
520255.258,af26,201,1402,-2108,0,195
520263.323,af26,90,923,-2429,0,196
520271.399,af26,-112,1135,-3153,0,197
520279.476,af26,-304,888,-3703,0,198
520287.546,af26,-385,504,-4371,0,199
520295.619,af26,-443,345,-4849,0,200
520303.705,af26,-577,335,-5103,0,201
520311.783,af26,-579,-76,-5079,0,202
520319.851,af26,-451,-227,-4770,0,203
520327.926,af26,-389,-129,-4238,0,204
520335.993,af26,-239,-120,-3611,0,205
520344.058,af26,37,-132,-2838,0,206
520352.128,af26,74,-115,-2420,0,207
520360.207,af26,103,-27,-2171,0,208
520368.284,af26,107,37,-2127,0,209
520376.361,af26,34,125,-2346,0,210
520384.442,af26,-15,244,-2662,0,211
520392.518,af26,-96,327,-3148,0,212
520400.595,af26,-208,428,-3706,0,213
520408.668,af26,-320,557,-4176,0,214
520416.739,af26,-476,647,-4607,0,215
520424.806,af26,-555,566,-4873,0,216
520432.87,af26,-536,579,-4772,0,217
520440.94,af26,-415,885,-4506,0,218
520449.005,af26,-287,539,-4036,0,219
520457.076,af26,-137,644,-3507,0,220
520465.156,af26,-108,476,-3012,0,221
520473.231,af26,-53,254,-2607,0,222
520481.304,af26,-5,247,-2394,0,223
520489.388,af26,59,49,-2312,0,224
520497.464,af26,298,-87,-2286,0,225
520505.537,af26,-250,-2269,-2750,0,226
520513.609,af26,-97,-1391,-3388,0,227
520521.679,af26,332,-2498,-4155,0,228
520529.753,af26,-219,-6731,-4971,0,229
520537.83,af26,-221,-4440,-4706,0,230
520545.908,af26,-1164,-4664,-4518,0,231
520553.99,af26,-1130,-4993,-3941,0,232
520562.06,af26,-1111,-1976,-3785,0,233
520570.129,af26,-1258,-1772,-2958,0,234
520578.195,af26,-649,-725,-2709,0,235
520586.258,af26,-1088,1221,-2864,0,236
520594.328,af26,-1096,1081,-2893,0,237
520602.41,af26,-722,388,-2584,0,238
520610.489,af26,-1405,234,-3258,0,239
520618.564,af26,-1197,345,-2697,0,240
520626.645,af26,-1713,-195,-3434,0,241
520634.728,af26,-1678,91,-3565,0,242
520642.809,af26,-1845,-1574,-4614,0,243
520650.878,af26,-1302,-361,-3603,0,244
520658.942,af26,-1724,-1767,-4036,0,245
520667.02,af26,-1937,127,-3699,0,246
520675.097,af26,-761,-1539,-3341,0,247
520683.175,af26,-1523,68,-3037,0,248
520691.246,af26,-1432,26,-3057,0,249
520699.32,af26,-594,-155,-2551,0,250
520707.392,af26,-1821,524,-2864,0,251
520715.463,af26,-1362,615,-2605,0,252
520723.533,af26,-698,1057,-3350,0,253
520731.625,af26,-1258,1604,-3711,0,254
520739.708,af26,-978,3341,-4007,0,255
520747.786,af26,-912,4863,-4601,0,0
520755.868,af26,-1190,5146,-4617,0,1
520763.947,af26,-1261,6658,-4103,0,2
520772.028,af26,-1056,6716,-3960,0,3
520780.103,af26,-918,6117,-3302,0,4
520788.177,af26,-533,5846,-2640,0,5
520796.253,af26,-262,4249,-1887,0,6
520804.327,af26,-314,3078,-1764,0,7
520812.408,af26,87,1496,-1902,0,8
520820.499,af26,36,290,-2478,0,9
520828.57,af26,-60,-245,-3105,0,10
520836.644,af26,-1362,-1615,-3870,0,11
520844.734,af26,-1536,-722,-4558,0,12
520852.806,af26,-1438,-2113,-5284,0,13
520860.874,af26,-601,-3478,-5584,0,14
520868.946,af26,-775,-1978,-5305,0,15
520877.022,af26,-423,-2429,-4354,0,16
520885.103,af26,-188,-1518,-3672,0,17
520893.174,af26,45,-1061,-3004,0,18
520901.253,af26,224,-967,-2451,0,19
520909.33,af26,29,-226,-2164,0,20
520917.397,af26,-25,-2,-2066,0,21
520925.473,af26,-276,535,-2213,0,22
520933.552,af26,-406,678,-2601,0,23
520941.631,af26,-548,1119,-3144,0,24
520949.705,af26,-237,170,-4043,0,25
520957.784,af26,-321,383,-4503,0,26
520965.854,af26,-529,1059,-4699,0,27
520973.928,af26,-445,294,-4689,0,28
520982.013,af26,-481,297,-4476,0,29
520990.088,af26,-305,391,-4148,0,30
520998.159,af26,-181,-48,-3619,0,31
521006.234,af26,-275,53,-3101,0,32
521014.305,af26,-148,-156,-2730,0,33
521022.373,af26,-59,-299,-2435,0,34
521030.458,af26,-33,-387,-2431,0,35
521038.538,af26,-144,199,-2688,0,36
521046.606,af26,5,-270,-3100,0,37
521054.682,af26,-112,-665,-3604,0,38
521062.753,af26,-294,-52,-4102,0,39
521070.823,af26,-328,-545,-4494,0,40
521078.893,af26,-530,-235,-4661,0,41
521086.973,af26,-586,-172,-4612,0,42
521095.057,af26,-484,-173,-4355,0,43
521103.137,af26,-375,245,-3740,0,44
521111.213,af26,-101,241,-3286,0,45
521119.293,af26,-57,408,-2859,0,46
521127.358,af26,-84,454,-2562,0,47
521135.446,af26,-21,442,-2435,0,48
521143.528,af26,21,375,-2528,0,49
521151.604,af26,-95,351,-2780,0,50
521159.681,af26,-164,375,-3180,0,51
521167.755,af26,-230,199,-3616,0,52
521175.834,af26,-509,55,-4134,0,53
521183.929,af26,-510,-36,-4449,0,54
521192.014,af26,-489,-179,-4577,0,55
521200.093,af26,-449,-230,-4444,0,56
521208.169,af26,-278,-240,-4154,0,57
521216.248,af26,-168,-241,-3729,0,58
521224.343,af26,-159,-242,-3283,0,59
521232.423,af26,-57,-202,-2979,0,60
521240.505,af26,-36,-117,-2703,0,61
521248.579,af26,-98,-12,-2606,0,62
521256.658,af26,-144,19,-2755,0,63
521264.729,af26,-196,118,-3042,0,64
521272.81,af26,-229,186,-3388,0,65
521280.898,af26,-285,191,-3819,0,66
521288.974,af26,-317,269,-4162,0,67
521297.058,af26,-438,263,-4325,0,68
521305.139,af26,-415,254,-4400,0,69
521313.213,af26,-140,789,-4279,0,70
521321.293,af26,-329,2203,-3650,0,71
521329.368,af26,277,2707,-3705,0,72
521337.446,af26,435,2713,-3585,0,73
521345.519,af26,-773,6690,-2753,0,74
521353.603,af26,-562,4260,-2965,0,75
521361.678,af26,-734,4319,-2833,0,76
521369.762,af26,-1209,5054,-2092,0,77
521377.845,af26,-906,1887,-2647,0,78
521385.92,af26,-528,1528,-2437,0,79
521393.988,af26,-1513,1220,-2851,0,80
521402.067,af26,-1342,179,-3393,0,81
521410.144,af26,-1150,-177,-3791,0,82
521418.223,af26,-2342,160,-3811,0,83
521426.31,af26,-1339,-610,-4511,0,84
521434.378,af26,-1562,686,-4108,0,85
521442.448,af26,-1238,339,-4080,0,86
521450.52,af26,-963,492,-4206,0,87
521458.59,af26,-2154,971,-4056,0,88
521466.658,af26,-1811,2133,-2499,0,89
521474.728,af26,-1015,1017,-2967,0,90
521482.801,af26,-1546,1718,-2010,0,91
521490.878,af26,-766,425,-2059,0,92
521498.961,af26,-1422,773,-3032,0,93
521507.04,af26,-896,606,-2550,0,94
521515.111,af26,-1540,-155,-2896,0,95
521523.183,af26,-1537,-66,-4144,0,96
521531.252,af26,-1231,-192,-4201,0,97
521539.327,af26,-1676,-1271,-4666,0,98
521547.412,af26,-1645,-1829,-4892,0,99
521555.488,af26,-1373,-1023,-4848,0,100
521563.577,af26,-756,-3743,-4707,0,101
521571.651,af26,-557,-4856,-4306,0,102
521579.73,af26,-575,-5178,-3914,0,103
521587.812,af26,-446,-6587,-3455,0,104
521595.902,af26,-102,-6824,-2901,0,105
521603.983,af26,-76,-6347,-2440,0,106
521612.056,af26,222,-5953,-1900,0,107
521620.132,af26,227,-4153,-2010,0,108
521628.212,af26,272,-2584,-2185,0,109
521636.289,af26,165,-686,-2651,0,110
521644.378,af26,-123,505,-3132,0,111
521652.454,af26,-1353,1139,-3896,0,112
521660.543,af26,-419,2614,-5027,0,113
521668.627,af26,-45,1229,-5313,0,114
521676.7,af26,-632,4486,-5182,0,115
521684.765,af26,-825,3469,-5179,0,116
521692.837,af26,-444,2557,-4964,0,117
521700.903,af26,-424,3413,-4059,0,118
521708.975,af26,-527,1638,-3100,0,119
521717.057,af26,-52,1269,-2580,0,120
521725.125,af26,234,854,-2136,0,121
521733.211,af26,378,235,-1968,0,122
521741.286,af26,198,-209,-1933,0,123
521749.368,af26,64,-610,-2094,0,124
521757.437,af26,-820,-215,-2573,0,125
521765.509,af26,8,63,-3228,0,126
521773.574,af26,-219,-1329,-3935,0,127
521781.651,af26,-291,-867,-4527,0,128
521789.716,af26,-554,-832,-5078,0,129
521797.788,af26,-725,-688,-5135,0,130
521805.851,af26,-687,-13,-4972,0,131
521813.923,af26,-427,137,-4544,0,132
521821.989,af26,-212,329,-4010,0,133
521830.058,af26,-66,643,-3326,0,134
521838.131,af26,2,744,-2847,0,135
521846.195,af26,-46,925,-2421,0,136
521854.27,af26,46,481,-2149,0,137
521862.341,af26,62,228,-2069,0,138
521870.411,af26,46,1472,-2332,0,139
521878.482,af26,34,675,-2789,0,140
521886.551,af26,-139,752,-3289,0,141
521894.618,af26,-303,972,-3865,0,142
521902.679,af26,-432,471,-4379,0,143
521910.739,af26,-478,292,-4802,0,144
521918.805,af26,-491,334,-4982,0,145
521926.873,af26,-506,44,-4904,0,146
521934.933,af26,-426,-39,-4563,0,147
521942.995,af26,-408,-59,-3990,0,148
521951.063,af26,-175,-9,-3276,0,149
521959.131,af26,26,-49,-2789,0,150
521967.217,af26,99,-12,-2492,0,151
521975.292,af26,120,65,-2293,0,152
521983.369,af26,47,129,-2280,0,153
521991.439,af26,-30,178,-2474,0,154
521999.508,af26,-135,319,-2836,0,155
522007.579,af26,-122,415,-3285,0,156
522015.655,af26,-211,498,-3748,0,157
522023.725,af26,-402,511,-4395,0,158
522031.793,af26,-477,728,-4674,0,159
522039.858,af26,-584,605,-4679,0,160
522047.931,af26,-522,650,-4575,0,161
522056.006,af26,-367,658,-4305,0,162
522064.085,af26,-225,451,-3865,0,163
522072.159,af26,-107,483,-3399,0,164
522080.225,af26,-83,298,-2947,0,165
522088.293,af26,-43,201,-2644,0,166
522096.375,af26,-11,113,-2436,0,167
522104.449,af26,10,7,-2494,0,168
522112.517,af26,61,-330,-2632,0,169
522120.589,af26,716,-1149,-2990,0,170
522128.659,af26,-47,-3739,-3549,0,171
522136.724,af26,-435,-1167,-4075,0,172
522144.796,af26,-716,-5429,-4414,0,173
522152.863,af26,-637,-6154,-4952,0,174
522160.929,af26,-858,-3651,-4706,0,175
522168.993,af26,-490,-5738,-4116,0,176
522177.059,af26,-878,-2185,-3746,0,177
522185.12,af26,-875,-1810,-3242,0,178
522193.192,af26,-663,-1906,-2681,0,179
522201.269,af26,-1596,691,-3160,0,180
522209.347,af26,-1217,767,-3284,0,181
522217.412,af26,-875,399,-3390,0,182
522225.477,af26,-925,374,-2901,0,183
522233.546,af26,-1180,266,-4026,0,184
522241.608,af26,-1419,328,-4131,0,185
522249.679,af26,-1832,-63,-3971,0,186
522257.745,af26,-1484,-842,-4643,0,187
522265.81,af26,-1284,-801,-5208,0,188
522273.878,af26,-1696,-875,-4478,0,189
522281.946,af26,-1829,-1913,-4006,0,190
522290.026,af26,-1518,350,-3859,0,191
522298.095,af26,-513,-2067,-3425,0,192
522306.162,af26,-2037,396,-2890,0,193
522314.241,af26,-1756,250,-3092,0,194
522322.325,af26,-1554,527,-2433,0,195
522330.399,af26,-1337,1209,-2847,0,196
522338.484,af26,-1124,424,-3076,0,197
522346.55,af26,-499,869,-4507,0,198
522354.615,af26,-1004,2491,-4028,0,199
522362.688,af26,-780,3821,-4647,0,200
522370.763,af26,-1118,4160,-4940,0,201
522378.833,af26,-1407,5628,-4634,0,202
522386.907,af26,-1191,6907,-4481,0,203
522394.983,af26,-913,6599,-3834,0,204
522403.053,af26,-860,7047,-2949,0,205
522411.125,af26,-338,5534,-1842,0,206
522419.21,af26,-454,4431,-1433,0,207
522427.281,af26,-206,2737,-1500,0,208
522435.356,af26,211,863,-1955,0,209
522443.431,af26,-81,-287,-2689,0,210
522451.512,af26,313,-1464,-3153,0,211
522459.6,af26,-572,38,-4003,0,212
522467.673,af26,-956,-1923,-4877,0,213
522475.75,af26,-1373,-3562,-5410,0,214
522483.837,af26,-504,-2343,-5696,0,215
522491.913,af26,-276,-3235,-5146,0,216
522499.997,af26,-268,-2102,-4305,0,217
522508.074,af26,-84,-1403,-3323,0,218
522516.148,af26,142,-1509,-2487,0,219
522524.229,af26,-30,-414,-1921,0,220
522532.313,af26,-221,-52,-1697,0,221
522540.383,af26,-356,362,-1926,0,222
522548.456,af26,-384,601,-2302,0,223
522556.526,af26,-449,1336,-2908,0,224
522564.608,af26,-58,473,-3753,0,225
522572.696,af26,-386,750,-4200,0,226
522580.773,af26,-711,1282,-4606,0,227
522588.848,af26,-626,426,-4956,0,228
522596.928,af26,-664,647,-4923,0,229
522605.008,af26,-400,383,-4644,0,230
522613.087,af26,-236,-32,-4110,0,231
522621.163,af26,-170,19,-3440,0,232
522629.248,af26,-97,-188,-2890,0,233
522637.337,af26,50,-435,-2291,0,234
522645.416,af26,111,-421,-2164,0,235
522653.49,af26,-2,434,-2262,0,236
522661.565,af26,47,-623,-2592,0,237
522669.633,af26,-110,-655,-3087,0,238
522677.71,af26,-215,-102,-3716,0,239
522685.782,af26,-309,-672,-4348,0,240
522693.855,af26,-494,-219,-4829,0,241
522701.936,af26,-574,-190,-4947,0,242
522710.004,af26,-518,-58,-4705,0,243
522718.079,af26,-541,200,-4175,0,244
522726.152,af26,-295,223,-3639,0,245
522734.235,af26,-161,401,-3055,0,246
522742.303,af26,-159,508,-2619,0,247
522750.376,af26,-39,561,-2346,0,248
522758.458,af26,-1,483,-2264,0,249
522766.528,af26,-97,458,-2397,0,250
522774.603,af26,-81,255,-2701,0,251
522782.676,af26,-154,364,-3184,0,252
522790.746,af26,-387,89,-3899,0,253
522798.821,af26,-515,-35,-4407,0,254
522806.904,af26,-566,-105,-4698,0,255
522814.971,af26,-571,-234,-4808,0,0
522823.038,af26,-456,-331,-4618,0,1
522831.108,af26,-360,-274,-4180,0,2
522839.183,af26,-224,-265,-3700,0,3
522847.254,af26,-88,-221,-3185,0,4
522855.338,af26,-78,-174,-2758,0,5
522863.412,af26,-48,-77,-2488,0,6
522871.481,af26,-73,-43,-2458,0,7
522879.557,af26,-105,97,-2686,0,8
522887.635,af26,-193,126,-3039,0,9
522895.716,af26,-206,216,-3470,0,10
522903.783,af26,-197,216,-3969,0,11
522911.865,af26,-181,1131,-4166,0,12
522919.933,af26,-873,2355,-4648,0,13
522928.008,af26,-654,1413,-4598,0,14
522936.078,af26,16,3079,-5050,0,15
522944.154,af26,-1375,5843,-4324,0,16
522952.234,af26,-768,4562,-3109,0,17
522960.313,af26,-1043,4953,-2671,0,18
522968.386,af26,-833,4694,-2416,0,19
522976.455,af26,-526,1954,-2082,0,20
522984.528,af26,-862,1971,-1595,0,21
522992.601,af26,-697,1192,-2189,0,22
523000.669,af26,-739,52,-2483,0,23
523008.733,af26,-226,-469,-3515,0,24
523016.813,af26,-656,282,-4632,0,25
523024.883,af26,-1004,13,-4781,0,26
523032.959,af26,-1456,92,-6028,0,27
523041.023,af26,-1673,884,-4838,0,28
523049.09,af26,-1229,27,-5381,0,29
523057.159,af26,-2141,1263,-4422,0,30
523065.224,af26,-1410,595,-4817,0,31
523073.297,af26,-605,1030,-3924,0,32
523081.366,af26,-1816,1377,-3025,0,33
523089.447,af26,-1661,1301,-2502,0,34
523097.533,af26,-1451,479,-2807,0,35
523105.603,af26,-1499,89,-2381,0,36
523113.682,af26,-1177,-190,-2587,0,37
523121.764,af26,-1080,452,-2613,0,38
523129.839,af26,-1594,-531,-3461,0,39
523137.918,af26,-1377,-798,-4280,0,40
523145.997,af26,-1104,-1421,-4271,0,41
523154.084,af26,-1158,-1098,-5299,0,42
523162.156,af26,-1703,-2466,-5431,0,43
523170.224,af26,-929,-5001,-5157,0,44
523178.314,af26,-958,-5103,-4739,0,45
523186.384,af26,-384,-6848,-4083,0,46
523194.464,af26,-115,-6888,-3185,0,47
523202.535,af26,-52,-6282,-2386,0,48
523210.606,af26,248,-5835,-1824,0,49
523218.674,af26,361,-4228,-1592,0,50
523226.734,af26,364,-2267,-1666,0,51
523234.816,af26,379,-1115,-2015,0,52
523242.878,af26,-1,469,-2707,0,53
523250.93,af26,396,2058,-3334,0,54
523258.998,af26,858,2445,-4335,0,55
523267.064,af26,-556,1911,-4810,0,56
523275.13,af26,-1508,5242,-5280,0,57
523283.205,af26,-1158,2845,-6038,0,58
523291.279,af26,57,3314,-5764,0,59
523299.353,af26,-509,3656,-4549,0,60
523307.431,af26,-590,1443,-3646,0,61
523315.504,af26,-227,991,-2910,0,62
523323.584,af26,-13,905,-2316,0,63
523331.666,af26,158,89,-1757,0,64
523339.738,af26,261,-570,-1672,0,65
523347.813,af26,201,-788,-1860,0,66
523355.878,af26,-34,253,-2115,0,67
523363.947,af26,-10,-688,-2749,0,68
523372.019,af26,-128,-1357,-3534,0,69
523380.101,af26,-320,-369,-4272,0,70
523388.179,af26,-389,-917,-4972,0,71
523396.243,af26,-720,-446,-5305,0,72
523404.31,af26,-817,-116,-5303,0,73
523412.379,af26,-503,207,-5024,0,74
523420.443,af26,-269,565,-4446,0,75
523428.516,af26,-221,630,-3753,0,76
523436.592,af26,91,909,-3081,0,77
523444.658,af26,-86,1076,-2448,0,78
523452.729,af26,-125,319,-2093,0,79
523460.798,af26,108,667,-1914,0,80
523468.873,af26,202,1423,-1967,0,81
523476.943,af26,60,784,-2296,0,82
523485.006,af26,-26,939,-2886,0,83
523493.069,af26,-252,920,-3518,0,84
523501.139,af26,-446,371,-4128,0,85
523509.203,af26,-448,273,-4771,0,86
523517.27,af26,-494,324,-5084,0,87
523525.328,af26,-588,5,-5173,0,88
523533.404,af26,-544,-99,-4924,0,89
523541.479,af26,-479,-71,-4455,0,90
523549.565,af26,-335,-51,-3815,0,91
523557.642,af26,-22,-44,-2988,0,92
523565.713,af26,43,-70,-2557,0,93
523573.782,af26,103,95,-2232,0,94
523581.848,af26,117,119,-2100,0,95
523589.921,af26,44,179,-2244,0,96
523597.995,af26,-40,275,-2500,0,97
523606.062,af26,-76,410,-2923,0,98
523614.133,af26,-104,429,-3491,0,99
523622.19,af26,-264,497,-4055,0,100
523630.261,af26,-392,480,-4467,0,101
523638.32,af26,-574,704,-4828,0,102
523646.399,af26,-542,641,-4847,0,103
523654.483,af26,-451,632,-4615,0,104
523662.552,af26,-333,618,-4181,0,105
523670.628,af26,-184,477,-3683,0,106
523678.693,af26,-76,410,-3166,0,107
523686.766,af26,-101,274,-2746,0,108
523694.829,af26,-22,150,-2404,0,109
523702.888,af26,12,107,-2335,0,110
523710.949,af26,-88,15,-2442,0,111
523719.014,af26,725,-1121,-2752,0,112
523727.083,af26,616,-3861,-2511,0,113
523735.148,af26,-541,-744,-4250,0,114
523743.208,af26,-1148,-6551,-5297,0,115
523751.273,af26,-445,-5255,-4952,0,116
523759.331,af26,-720,-3572,-4758,0,117
523767.387,af26,-1195,-5813,-4684,0,118
523775.456,af26,-1194,-2477,-4049,0,119
523783.538,af26,-839,-1822,-2972,0,120
523791.613,af26,-793,-1506,-3026,0,121
523799.705,af26,-1203,904,-2546,0,122
523807.796,af26,-562,699,-2469,0,123
523815.863,af26,-918,688,-2859,0,124
523823.943,af26,-853,498,-2789,0,125
523832.015,af26,-1199,523,-3375,0,126
523840.077,af26,-793,257,-3543,0,127
523848.15,af26,-1495,-1234,-4459,0,128
523856.227,af26,-1459,-817,-5316,0,129
523864.3,af26,-953,-433,-5016,0,130
523872.368,af26,-1222,-995,-3706,0,131
523880.437,af26,-1665,-1704,-3666,0,132
523888.498,af26,-1692,-173,-3916,0,133
523896.566,af26,-1237,-1055,-3755,0,134
523904.626,af26,-1297,433,-2851,0,135
523912.697,af26,-1544,1047,-2778,0,136
523920.773,af26,-1419,26,-2654,0,137
523928.838,af26,-1980,685,-3076,0,138
523936.908,af26,-1080,630,-3098,0,139
523944.974,af26,-1320,1449,-4456,0,140
523953.037,af26,-811,2890,-3672,0,141
523961.102,af26,-1105,3968,-4393,0,142
523969.178,af26,-1016,4157,-4808,0,143
523977.246,af26,-1253,5927,-4630,0,144
523985.328,af26,-1171,6735,-4542,0,145
523993.406,af26,-903,6758,-3779,0,146
524001.485,af26,-820,6906,-3026,0,147
524009.572,af26,-311,5822,-2361,0,148
524017.641,af26,-211,4621,-1820,0,149
524025.709,af26,-170,2506,-1659,0,150
524033.786,af26,100,729,-1784,0,151
524041.865,af26,-86,-401,-2504,0,152
524049.938,af26,197,-1651,-3244,0,153
524058.009,af26,-688,-118,-4057,0,154
524066.097,af26,-1039,-1911,-4833,0,155
524074.168,af26,-1403,-3386,-5326,0,156
524082.235,af26,-1136,-2580,-5720,0,157
524090.301,af26,-586,-2727,-5325,0,158
524098.371,af26,-357,-2137,-4213,0,159
524106.449,af26,-12,-1158,-3392,0,160
524114.528,af26,91,-1307,-2645,0,161
524122.607,af26,34,-379,-2092,0,162
524130.675,af26,222,455,-1965,0,163
524138.747,af26,626,456,-2090,0,164
524146.825,af26,79,1560,-2360,0,165
524154.898,af26,-73,1403,-2823,0,166
524162.972,af26,-195,603,-3488,0,167
524171.052,af26,-412,547,-3981,0,168
524179.127,af26,-570,916,-4672,0,169
524187.199,af26,-476,273,-4861,0,170
524195.268,af26,-442,453,-4796,0,171
524203.334,af26,-361,181,-4463,0,172
524211.411,af26,-329,-89,-3967,0,173
524219.486,af26,-331,-140,-3405,0,174
524227.554,af26,-140,-464,-2925,0,175
524235.635,af26,-60,-615,-2539,0,176
524243.706,af26,41,-454,-2360,0,177
524251.779,af26,-114,317,-2378,0,178
524259.873,af26,60,-909,-2708,0,179
524267.948,af26,-236,-240,-3229,0,180
524276.023,af26,-222,-147,-3809,0,181
524284.112,af26,-310,-397,-4313,0,182
524292.178,af26,-500,8,-4685,0,183
524300.246,af26,-517,-116,-4811,0,184
524308.325,af26,-592,22,-4684,0,185
524316.397,af26,-542,195,-4288,0,186
524324.473,af26,-341,216,-3766,0,187
524332.554,af26,-176,369,-3087,0,188
524340.62,af26,-106,396,-2674,0,189
524348.686,af26,-5,342,-2448,0,190
524356.758,af26,-4,322,-2392,0,191
524364.828,af26,-44,343,-2515,0,192
524372.898,af26,-78,251,-2850,0,193
524380.973,af26,-150,178,-3290,0,194
524389.049,af26,-350,89,-3780,0,195
524397.129,af26,-445,-58,-4218,0,196
524405.216,af26,-534,-121,-4653,0,197
524413.29,af26,-555,-233,-4656,0,198
524421.361,af26,-396,-224,-4438,0,199
524429.44,af26,-323,-219,-4086,0,200
524437.518,af26,-220,-195,-3623,0,201
524445.598,af26,-85,-168,-3152,0,202
524453.68,af26,-83,-128,-2798,0,203
524461.756,af26,-86,-37,-2581,0,204
524469.828,af26,-102,0,-2539,0,205
524477.903,af26,-102,91,-2700,0,206
524485.973,af26,-177,160,-3097,0,207
524494.051,af26,-249,183,-3501,0,208
524502.121,af26,-169,185,-3939,0,209
524510.195,af26,-235,1164,-4289,0,210
524518.268,af26,-381,2435,-4514,0,211
524526.348,af26,-479,1289,-4546,0,212
524534.433,af26,81,2372,-5007,0,213
524542.515,af26,-629,6663,-4633,0,214
524550.596,af26,-468,4506,-4176,0,215
524558.678,af26,-1323,5165,-2801,0,216
524566.761,af26,-1059,5285,-1985,0,217
524574.838,af26,-598,1843,-2002,0,218
524582.913,af26,-831,1194,-2040,0,219
524590.99,af26,-780,1401,-2422,0,220
524599.065,af26,-262,-150,-2470,0,221
524607.154,af26,-946,-533,-3768,0,222
524615.233,af26,-900,-883,-4475,0,223
524623.317,af26,-410,-272,-4480,0,224
524631.404,af26,-2182,45,-5620,0,225
524639.483,af26,-1609,881,-4702,0,226
524647.572,af26,-1193,115,-5570,0,227
524655.658,af26,-1741,1586,-4341,0,228
524663.738,af26,-1454,1096,-5086,0,229
524671.824,af26,-1229,1938,-2901,0,230
524679.908,af26,-1357,1243,-2842,0,231
524687.993,af26,-1865,1437,-2234,0,232
524696.082,af26,-1742,169,-1750,0,233
524704.158,af26,-1576,19,-2418,0,234
524712.245,af26,-1141,-169,-2510,0,235
524720.323,af26,-1454,838,-3295,0,236
524728.398,af26,-1373,-449,-3723,0,237
524736.493,af26,-1863,-1250,-4052,0,238
524744.586,af26,-2034,-1642,-4188,0,239
524752.665,af26,-946,-823,-5435,0,240
524760.739,af26,-1257,-2418,-4913,0,241
524768.818,af26,-1111,-4364,-5125,0,242
524776.895,af26,-920,-4567,-4897,0,243
524784.972,af26,-456,-6975,-4058,0,244
524793.048,af26,-232,-6983,-3373,0,245
524801.127,af26,-14,-6640,-2406,0,246
524809.203,af26,95,-6368,-1924,0,247
524817.275,af26,299,-4607,-1611,0,248
524825.352,af26,257,-3071,-1740,0,249
524833.425,af26,366,-1517,-2009,0,250
524841.504,af26,139,220,-2508,0,251
524849.584,af26,-170,2459,-2933,0,252
524857.661,af26,-1106,2503,-4550,0,253
524865.746,af26,-183,1749,-5547,0,254
524873.819,af26,-529,5263,-5545,0,255
524881.903,af26,-1425,4570,-5533,0,0
524889.97,af26,-672,2418,-5717,0,1
524898.039,af26,-328,4059,-4837,0,2
524906.113,af26,-455,2340,-3682,0,3
524914.197,af26,-366,1183,-2949,0,4
524922.268,af26,-172,536,-2337,0,5
524930.339,af26,144,232,-1807,0,6
524938.418,af26,322,-523,-1647,0,7
524946.495,af26,224,-31,-1725,0,8
524954.565,af26,-88,-564,-2045,0,9
524962.638,af26,-31,-1536,-2647,0,10
524970.708,af26,-182,-944,-3448,0,11
524978.777,af26,-320,-1045,-4252,0,12
524986.848,af26,-361,-1146,-4886,0,13
524994.919,af26,-664,-385,-5230,0,14
525002.996,af26,-863,-383,-5279,0,15
525011.073,af26,-477,444,-4984,0,16
525019.144,af26,-230,514,-4568,0,17
525027.226,af26,-384,887,-3961,0,18
525035.297,af26,-112,1425,-3158,0,19
525043.364,af26,-216,662,-2536,0,20
525051.436,af26,-168,705,-2190,0,21
525059.521,af26,-19,1510,-1982,0,22
525067.603,af26,181,1280,-2051,0,23
525075.686,af26,56,879,-2242,0,24
525083.773,af26,-2,1042,-2826,0,25
525091.871,af26,-177,643,-3412,0,26
525099.95,af26,-478,347,-4003,0,27
525108.02,af26,-455,282,-4672,0,28
525116.096,af26,-513,60,-5106,0,29
525124.163,af26,-498,-111,-5099,0,30
525132.233,af26,-540,-170,-4905,0,31
525140.309,af26,-502,-113,-4436,0,32
525148.381,af26,-372,-133,-3884,0,33
525156.453,af26,-43,-111,-3103,0,34
525164.52,af26,57,-91,-2625,0,35
525172.595,af26,57,94,-2297,0,36
525180.667,af26,83,77,-2156,0,37
525188.752,af26,35,175,-2228,0,38
525196.823,af26,-33,338,-2519,0,39
525204.898,af26,-57,379,-2931,0,40
525212.978,af26,-106,460,-3408,0,41
525221.055,af26,-253,531,-3957,0,42
525229.123,af26,-422,607,-4428,0,43
525237.196,af26,-576,535,-4756,0,44
525245.264,af26,-551,590,-4828,0,45
525253.328,af26,-464,837,-4622,0,46
525261.396,af26,-362,484,-4260,0,47
525269.473,af26,-164,647,-3748,0,48
525277.548,af26,-86,471,-3257,0,49
525285.618,af26,-76,262,-2798,0,50
525293.683,af26,-26,297,-2463,0,51
525301.749,af26,8,91,-2370,0,52
525309.818,af26,213,-601,-2554,0,53
525317.891,af26,283,-1556,-2509,0,54
525325.963,af26,170,-3252,-2982,0,55
525334.032,af26,117,-524,-3923,0,56
525342.099,af26,-935,-6731,-4768,0,57
525350.17,af26,-533,-5033,-4890,0,58
525358.246,af26,-618,-3817,-4886,0,59
525366.323,af26,-1366,-5903,-4274,0,60
525374.404,af26,-546,-2250,-3585,0,61
525382.483,af26,-1006,-1626,-2969,0,62
525390.556,af26,-1123,-1159,-2897,0,63
525398.632,af26,-1403,408,-2848,0,64
525406.708,af26,-1054,978,-2570,0,65
525414.785,af26,-838,633,-3103,0,66
525422.863,af26,-553,734,-3189,0,67
525430.945,af26,-1179,200,-4009,0,68
525439.024,af26,-1816,-131,-4059,0,69
525447.096,af26,-1456,-948,-4252,0,70
525455.183,af26,-1737,182,-4772,0,71
525463.26,af26,-2116,664,-4004,0,72
525471.329,af26,-1559,-2236,-3860,0,73
525479.399,af26,-1371,-827,-5059,0,74
525487.478,af26,-2381,-317,-3294,0,75
525495.563,af26,-1652,-137,-2835,0,76
525503.639,af26,-1629,364,-3464,0,77
525511.717,af26,-1290,909,-2863,0,78
525519.802,af26,-1355,1035,-2630,0,79
525527.877,af26,-1784,890,-2726,0,80
525535.945,af26,-1037,1639,-2787,0,81
525544.021,af26,-1103,1996,-3695,0,82
525552.091,af26,-1040,3720,-4095,0,83
525560.161,af26,-1150,4211,-4403,0,84
525568.238,af26,-1023,5078,-4626,0,85
525576.312,af26,-1112,6163,-4211,0,86
525584.382,af26,-764,6276,-4071,0,87
525592.451,af26,-959,6540,-3241,0,88
525600.523,af26,-403,5781,-2837,0,89
525608.59,af26,-121,4839,-2477,0,90
525616.663,af26,-312,3190,-1917,0,91
525624.748,af26,-7,1998,-1965,0,92
525632.817,af26,72,610,-2308,0,93
525640.897,af26,-86,-211,-2810,0,94
525648.975,af26,-313,-1514,-3918,0,95
525657.051,af26,-1242,-455,-4124,0,96
525665.116,af26,-1303,-1477,-4855,0,97
525673.185,af26,-1287,-3131,-5193,0,98
525681.249,af26,-1120,-2357,-5310,0,99
525689.312,af26,-26,-2593,-4659,0,100
525697.393,af26,-210,-1829,-3908,0,101
525705.472,af26,52,-960,-3160,0,102
525713.543,af26,132,-1009,-2574,0,103
525721.608,af26,-11,-270,-2192,0,104
525729.677,af26,129,-10,-2133,0,105
525737.749,af26,-52,623,-2192,0,106
525745.817,af26,-295,781,-2592,0,107
525753.883,af26,-483,1159,-3096,0,108
525761.954,af26,-569,474,-3609,0,109
525770.035,af26,-409,526,-4358,0,110
525778.113,af26,-551,1114,-4596,0,111
525786.192,af26,-404,291,-4679,0,112
525794.261,af26,-504,472,-4541,0,113
525802.344,af26,-372,355,-4200,0,114
525810.417,af26,-202,-61,-3736,0,115
525818.487,af26,-183,-5,-3226,0,116
525826.558,af26,-122,-146,-2799,0,117
525834.632,af26,-11,-281,-2531,0,118
525842.71,af26,-83,-324,-2358,0,119
525850.783,af26,-89,291,-2644,0,120
525858.858,af26,31,-372,-3007,0,121
525866.933,af26,-101,-621,-3495,0,122
525875.004,af26,-252,-32,-3952,0,123
525883.076,af26,-285,-589,-4387,0,124
525891.153,af26,-514,-201,-4660,0,125
525899.225,af26,-554,-173,-4623,0,126
525907.29,af26,-440,-116,-4390,0,127
525915.36,af26,-493,188,-4008,0,128
525923.427,af26,-206,214,-3372,0,129
525931.508,af26,-102,353,-3008,0,130
525939.594,af26,-128,411,-2651,0,131
525947.662,af26,-16,476,-2518,0,132
525955.734,af26,-6,387,-2555,0,133
525963.804,af26,-88,357,-2748,0,134
525971.889,af26,-159,397,-3113,0,135
525979.96,af26,-217,239,-3523,0,136
525988.035,af26,-419,62,-3955,0,137
525996.113,af26,-494,-30,-4299,0,138
526004.183,af26,-475,-149,-4538,0,139
526012.251,af26,-425,-247,-4494,0,140
526020.323,af26,-340,-261,-4198,0,141
526028.401,af26,-242,-267,-3854,0,142
526036.479,af26,-166,-230,-3393,0,143
526044.551,af26,-96,-195,-3035,0,144
526052.625,af26,-66,-127,-2759,0,145
526060.699,af26,-98,-38,-2665,0,146
526068.764,af26,-119,-14,-2711,0,147
526076.832,af26,-164,133,-2993,0,148
526084.902,af26,-241,202,-3327,0,149
526092.968,af26,-231,242,-3691,0,150
526101.042,af26,-190,359,-4045,0,151
526109.118,af26,-292,1358,-4342,0,152
526117.188,af26,1055,2834,-3228,0,153
526125.265,af26,332,2130,-4320,0,154
526133.343,af26,68,3617,-4517,0,155
526141.42,af26,-452,6337,-4148,0,156
526149.503,af26,-1321,4199,-3160,0,157
526157.577,af26,-1548,5139,-2623,0,158
526165.642,af26,-1199,3684,-1970,0,159
526173.713,af26,-852,1741,-1709,0,160
526181.783,af26,-767,1203,-2158,0,161
526189.855,af26,-828,1558,-2758,0,162
526197.923,af26,-905,-41,-2974,0,163
526205.993,af26,-510,-491,-3263,0,164
526214.057,af26,-657,-578,-4028,0,165
526222.118,af26,-889,-1180,-4888,0,166
526230.178,af26,-1689,258,-4520,0,167
526238.242,af26,-978,29,-5231,0,168
526246.311,af26,-2572,1364,-4003,0,169
526254.391,af26,-1823,1012,-4991,0,170
526262.472,af26,-1611,1961,-3665,0,171
526270.545,af26,-555,1967,-3043,0,172
526278.615,af26,-1329,1510,-2601,0,173
526286.693,af26,-1197,923,-2994,0,174
526294.768,af26,-1063,-611,-2828,0,175
526302.845,af26,-1790,31,-2582,0,176
526310.928,af26,-1775,272,-2742,0,177
526318.996,af26,-826,-119,-3470,0,178
526327.069,af26,-1293,-949,-3549,0,179
526335.149,af26,-1489,-353,-2973,0,180
526343.233,af26,-1802,-1505,-4678,0,181
526351.315,af26,-1711,-1088,-4718,0,182
526359.393,af26,-1336,-2727,-4836,0,183
526367.47,af26,-1236,-4878,-5062,0,184
526375.545,af26,-696,-5067,-4860,0,185
526383.628,af26,-397,-6892,-3728,0,186
526391.698,af26,-15,-6960,-2953,0,187
526399.773,af26,10,-6067,-2352,0,188
526407.857,af26,317,-5693,-1886,0,189
526415.935,af26,347,-3935,-1752,0,190
526424.008,af26,301,-2108,-1843,0,191
526432.09,af26,298,-1004,-2226,0,192
526440.164,af26,-89,540,-2897,0,193
526448.245,af26,-1341,1491,-3344,0,194
526456.323,af26,600,2094,-4175,0,195
526464.408,af26,-956,1991,-4678,0,196
526472.483,af26,-1394,4467,-5514,0,197
526480.562,af26,-519,3039,-5928,0,198
526488.641,af26,-96,3200,-5269,0,199
526496.726,af26,-663,3469,-4181,0,200
526504.803,af26,-487,1396,-3424,0,201
526512.874,af26,-156,966,-2818,0,202
526520.952,af26,24,921,-2257,0,203
526529.031,af26,223,240,-1911,0,204
526537.101,af26,322,-542,-1670,0,205
526545.177,af26,15,-785,-1891,0,206
526553.257,af26,88,185,-2344,0,207
526561.341,af26,36,-419,-2925,0,208
526569.418,af26,-118,-1374,-3706,0,209
526577.498,af26,-311,-320,-4430,0,210
526585.58,af26,-433,-777,-5015,0,211
526593.661,af26,-765,-623,-5302,0,212
526601.733,af26,-822,-29,-5283,0,213
526609.809,af26,-470,112,-4844,0,214
526617.883,af26,-260,523,-4265,0,215
526625.959,af26,-178,545,-3554,0,216
526634.04,af26,-71,715,-2955,0,217
526642.126,af26,-15,1107,-2413,0,218
526650.208,af26,-9,664,-2003,0,219
526658.28,af26,128,300,-1913,0,220
526666.351,af26,160,1243,-2065,0,221
526674.425,af26,55,1024,-2416,0,222
526682.516,af26,-58,725,-3102,0,223
526690.598,af26,-240,993,-3686,0,224
526698.673,af26,-394,460,-4293,0,225
526706.748,af26,-464,279,-4819,0,226
526714.824,af26,-490,365,-5077,0,227
526722.898,af26,-564,56,-5059,0,228
526730.973,af26,-521,-36,-4767,0,229
526739.054,af26,-436,-60,-4238,0,230
526747.128,af26,-274,3,-3632,0,231
526755.22,af26,35,-16,-2881,0,232
526763.294,af26,96,-41,-2485,0,233
526771.373,af26,150,66,-2208,0,234
526779.453,af26,101,124,-2130,0,235
526787.528,af26,36,166,-2272,0,236
526795.602,af26,-36,259,-2619,0,237
526803.687,af26,-156,353,-3086,0,238
526811.775,af26,-132,416,-3628,0,239
526819.854,af26,-308,453,-4172,0,240
526827.938,af26,-461,562,-4584,0,241
526836.025,af26,-566,651,-4841,0,242
526844.09,af26,-581,621,-4778,0,243
526852.159,af26,-438,698,-4522,0,244
526860.234,af26,-301,539,-4066,0,245
526868.31,af26,-172,529,-3541,0,246
526876.38,af26,-81,374,-3040,0,247
526884.453,af26,-97,274,-2652,0,248
526892.519,af26,-42,177,-2399,0,249
526900.598,af26,40,56,-2315,0,250
526908.675,af26,296,-236,-2429,0,251
526916.753,af26,195,-2092,-2781,0,252
526924.823,af26,-669,-2351,-3051,0,253
526932.894,af26,17,-1083,-4233,0,254
526940.968,af26,-255,-6138,-4813,0,255
526949.044,af26,-461,-4829,-4838,0,0
526957.123,af26,-407,-4121,-4404,0,1
526965.214,af26,-1135,-5246,-4153,0,2
526973.289,af26,-1061,-2303,-3735,0,3
526981.364,af26,-882,-1825,-3076,0,4
526989.43,af26,-867,-795,-2607,0,5
526997.498,af26,-561,499,-2501,0,6
527005.566,af26,-588,499,-3528,0,7
527013.641,af26,-883,740,-2786,0,8
527021.714,af26,-856,177,-2812,0,9
527029.785,af26,-1026,-74,-3812,0,10
527037.863,af26,-1786,-331,-4212,0,11
527045.931,af26,-1412,-949,-4365,0,12
527053.997,af26,-1830,-108,-5100,0,13
527062.073,af26,-1832,763,-3924,0,14
527070.141,af26,-1007,-2871,-4114,0,15
527078.208,af26,-1765,-147,-3924,0,16
527086.276,af26,-937,-1538,-4369,0,17
527094.353,af26,-1310,-458,-2890,0,18
527102.423,af26,-1709,148,-3207,0,19
527110.498,af26,-803,395,-3316,0,20
527118.565,af26,-1257,689,-2650,0,21
527126.649,af26,-1960,1213,-2784,0,22
527134.719,af26,-764,1747,-3352,0,23
527142.794,af26,-917,923,-3084,0,24
527150.867,af26,-708,2990,-3671,0,25
527158.951,af26,-979,4219,-4289,0,26
527167.025,af26,-1033,4706,-4770,0,27
527175.1,af26,-1242,6168,-4662,0,28
527183.183,af26,-1280,7027,-4295,0,29
527191.274,af26,-841,6518,-3843,0,30
527199.343,af26,-801,6828,-2945,0,31
527207.413,af26,-293,5035,-1987,0,32
527215.484,af26,-406,3995,-1590,0,33
527223.558,af26,-118,2279,-1649,0,34
527231.633,af26,134,672,-1648,0,35
527239.705,af26,-161,-436,-2444,0,36
527247.777,af26,-1035,-1679,-3487,0,37
527255.857,af26,-1761,-527,-4208,0,38
527263.926,af26,-1490,-2497,-5131,0,39
527271.991,af26,-1099,-3792,-5764,0,40
527280.063,af26,-362,-2459,-5381,0,41
527288.148,af26,-436,-2801,-4770,0,42
527296.235,af26,-497,-2105,-4105,0,43
527304.307,af26,-119,-1411,-3307,0,44
527312.384,af26,11,-1332,-2535,0,45
527320.468,af26,18,-294,-2055,0,46
527328.548,af26,-30,253,-1853,0,47
527336.618,af26,133,308,-2150,0,48
527344.693,af26,-8,1131,-2605,0,49
527352.77,af26,-122,1520,-3115,0,50
527360.837,af26,-360,160,-3635,0,51
527368.914,af26,-678,955,-4203,0,52
527376.988,af26,-670,1123,-4647,0,53
527385.064,af26,-570,272,-4833,0,54
527393.142,af26,-525,376,-4731,0,55
527401.209,af26,-382,212,-4454,0,56
527409.284,af26,-196,-143,-3926,0,57
527417.358,af26,-225,-46,-3370,0,58
527425.436,af26,-14,-485,-2894,0,59
527433.512,af26,38,-528,-2414,0,60
527441.578,af26,93,338,-2232,0,61
527449.666,af26,-48,58,-2392,0,62
527457.746,af26,22,-885,-2763,0,63
527465.816,af26,-254,-115,-3296,0,64
527473.908,af26,-212,-276,-3904,0,65
527481.993,af26,-332,-371,-4352,0,66
527490.063,af26,-481,36,-4736,0,67
527498.138,af26,-501,0,-4789,0,68
527506.203,af26,-573,153,-4482,0,69
527514.271,af26,-454,270,-4066,0,70
527522.345,af26,-255,291,-3546,0,71
527530.42,af26,-170,381,-3027,0,72
527538.497,af26,-53,366,-2666,0,73
527546.568,af26,19,330,-2406,0,74
527554.643,af26,-16,329,-2351,0,75
527562.71,af26,-36,294,-2501,0,76
527570.791,af26,-48,223,-2906,0,77
527578.867,af26,-194,183,-3346,0,78
527586.945,af26,-357,5,-4027,0,79
527595.033,af26,-471,-45,-4415,0,80
527603.121,af26,-589,-128,-4649,0,81
527611.194,af26,-519,-191,-4656,0,82
527619.268,af26,-409,-221,-4420,0,83
527627.349,af26,-293,-200,-4023,0,84
527635.423,af26,-171,-193,-3557,0,85
527643.493,af26,-68,-100,-3126,0,86
527651.565,af26,-51,-133,-2735,0,87
527659.637,af26,-60,-23,-2560,0,88
527667.706,af26,-98,57,-2594,0,89
527675.783,af26,-187,182,-2816,0,90
527683.855,af26,-160,199,-3132,0,91
527691.924,af26,-142,188,-3584,0,92
527700.0,af26,-252,191,-3972,0,93
527708.077,af26,-396,235,-4265,0,94
527716.151,af26,-452,172,-4444,0,95
527724.232,af26,-330,457,-4515,0,96
527732.311,af26,-358,1665,-4010,0,97
527740.388,af26,-1123,3493,-3142,0,98
527748.463,af26,-707,1170,-3665,0,99
527756.537,af26,-1096,5684,-3522,0,100
527764.606,af26,-841,5528,-3065,0,101
527772.674,af26,-901,3127,-2624,0,102
527780.741,af26,-993,5593,-2554,0,103
527788.812,af26,-1242,3279,-2324,0,104
527796.893,af26,-378,1513,-2714,0,105
527804.973,af26,-634,1558,-2581,0,106
527813.054,af26,-560,212,-2917,0,107
527821.122,af26,-1365,-461,-3913,0,108
527829.198,af26,-1483,-400,-4028,0,109
527837.279,af26,-2004,-6,-5146,0,110
527845.358,af26,-1720,-429,-4529,0,111
527853.439,af26,-1095,-46,-5229,0,112
527861.507,af26,-1197,450,-4625,0,113
527869.583,af26,-1854,1477,-3613,0,114
527877.66,af26,-1036,1268,-3368,0,115
527885.733,af26,-1325,878,-3510,0,116
527893.806,af26,-1344,1570,-2164,0,117
527901.873,af26,-1353,1152,-2028,0,118
527909.945,af26,-1037,747,-2455,0,119
527918.022,af26,-1493,557,-3396,0,120
527926.095,af26,-1452,159,-2571,0,121
527934.167,af26,-1019,-448,-3540,0,122
527942.249,af26,-934,-335,-3967,0,123
527950.323,af26,-1079,-1365,-3770,0,124
527958.41,af26,-1750,-1752,-5002,0,125
527966.488,af26,-997,-431,-4691,0,126
527974.563,af26,-1053,-3486,-5131,0,127
527982.637,af26,-886,-4948,-4645,0,128
527990.714,af26,-576,-4951,-4335,0,129
527998.789,af26,-327,-6372,-3586,0,130
528006.868,af26,-210,-6849,-2993,0,131
528014.942,af26,-50,-6524,-2391,0,132
528023.013,af26,-3,-5966,-2191,0,133
528031.088,af26,317,-4379,-1981,0,134
528039.166,af26,241,-2849,-2035,0,135
528047.239,af26,194,-940,-2541,0,136
528055.313,af26,-193,572,-3171,0,137
528063.385,af26,-1438,1360,-3600,0,138
528071.458,af26,-1280,2281,-4582,0,139
528079.529,af26,-225,1398,-5526,0,140
528087.6,af26,-552,4197,-5640,0,141
528095.675,af26,-869,4491,-5439,0,142
528103.755,af26,-615,2115,-5201,0,143
528111.822,af26,-420,3517,-4374,0,144
528119.892,af26,-590,1415,-3103,0,145
528127.95,af26,-228,989,-2556,0,146
528136.012,af26,26,932,-2124,0,147
528144.079,af26,186,333,-1954,0,148
528152.138,af26,397,-336,-1878,0,149
528160.198,af26,29,-818,-2029,0,150
528168.259,af26,-414,-89,-2328,0,151
528176.317,af26,-51,35,-3030,0,152
528184.379,af26,-153,-1413,-3742,0,153
528192.433,af26,-273,-460,-4443,0,154
528200.492,af26,-509,-790,-5060,0,155
528208.557,af26,-709,-558,-5212,0,156
528216.615,af26,-750,5,-5091,0,157
528224.686,af26,-460,30,-4731,0,158
528232.752,af26,-244,437,-4182,0,159
528240.826,af26,-140,563,-3476,0,160
528248.898,af26,-59,729,-2890,0,161
528256.957,af26,-146,768,-2435,0,162
528265.016,af26,-45,759,-2137,0,163
528273.088,af26,151,280,-2050,0,164
528281.158,af26,53,1087,-2236,0,165
528289.227,af26,5,994,-2611,0,166
528297.283,af26,-129,579,-3149,0,167
528305.354,af26,-280,1018,-3712,0,168
528313.424,af26,-413,525,-4319,0,169
528321.481,af26,-460,389,-4786,0,170
528329.534,af26,-502,429,-5027,0,171
528337.6,af26,-538,172,-4992,0,172
528345.657,af26,-511,8,-4666,0,173
528353.72,af26,-354,-12,-4002,0,174
528361.784,af26,-204,13,-3398,0,175
528369.857,af26,14,11,-2885,0,176
528377.928,af26,108,-54,-2544,0,177
528385.988,af26,112,59,-2273,0,178
528394.049,af26,110,73,-2234,0,179
528402.116,af26,39,147,-2345,0,180
528410.182,af26,-35,209,-2709,0,181
528418.193,af26,-103,324,-3113,0,182
528426.188,af26,-150,394,-3635,0,183
528434.178,af26,-336,439,-4163,0,184
528442.168,af26,-473,553,-4616,0,185
528450.162,af26,-556,609,-4764,0,186
528458.155,af26,-544,623,-4706,0,187
528466.145,af26,-408,670,-4411,0,188
528474.142,af26,-270,605,-3993,0,189
528482.135,af26,-156,525,-3509,0,190
528490.14,af26,-100,432,-3067,0,191
528498.133,af26,-53,332,-2671,0,192
528506.128,af26,-42,198,-2436,0,193
528514.128,af26,4,107,-2400,0,194
528522.118,af26,111,-18,-2592,0,195
528530.116,af26,-74,-203,-2648,0,196
528538.103,af26,-303,-2407,-3009,0,197
528546.094,af26,53,-1187,-4265,0,198
528554.086,af26,-604,-4704,-4236,0,199
528562.081,af26,-788,-6495,-5157,0,200
528570.072,af26,-994,-3547,-4776,0,201
528578.075,af26,-980,-5306,-4292,0,202
528586.074,af26,-944,-3787,-3852,0,203
528594.075,af26,-887,-1652,-3362,0,204
528602.069,af26,-889,-1836,-2785,0,205
528610.062,af26,-946,-467,-2686,0,206
528618.059,af26,-1087,727,-2694,0,207
528626.061,af26,-847,591,-2854,0,208
528634.058,af26,-735,458,-3111,0,209
528642.053,af26,-1236,610,-3714,0,210
528650.051,af26,-1713,202,-4355,0,211
528658.048,af26,-950,735,-4187,0,212
528666.043,af26,-1600,-1762,-3783,0,213
528674.045,af26,-1236,529,-4256,0,214
528682.052,af26,-1636,-481,-3642,0,215
528690.055,af26,-1423,-2135,-4108,0,216
528698.054,af26,-1168,-938,-3735,0,217
528706.061,af26,-1169,-835,-3515,0,218
528714.071,af26,-1529,-332,-2554,0,219
528722.066,af26,-1032,-462,-2606,0,220
528730.066,af26,-1126,-315,-3077,0,221
528738.07,af26,-1223,1034,-2401,0,222
528746.079,af26,-1461,882,-3095,0,223
528754.073,af26,-1470,493,-2293,0,224
528762.074,af26,-764,1845,-3644,0,225
528770.068,af26,-1180,3781,-4195,0,226
528778.078,af26,-1394,5058,-4556,0,227
528786.072,af26,-1287,5342,-4848,0,228
528794.073,af26,-1359,6649,-4607,0,229
528802.069,af26,-919,6397,-4010,0,230
528810.063,af26,-672,5961,-3145,0,231
528818.058,af26,-481,5762,-2418,0,232
528826.068,af26,16,4469,-1921,0,233
528834.064,af26,-111,3463,-1692,0,234
528842.058,af26,150,2116,-1846,0,235
528850.049,af26,185,839,-2004,0,236
528858.055,af26,-16,-167,-2649,0,237
528866.055,af26,-1100,-1654,-3907,0,238
528874.047,af26,-1686,-627,-4653,0,239
528882.035,af26,-1517,-1662,-5292,0,240
528890.029,af26,-624,-3541,-5695,0,241
528898.028,af26,-830,-1846,-5403,0,242
528906.029,af26,-209,-2516,-4895,0,243
528914.039,af26,-91,-2031,-4025,0,244
528922.044,af26,149,-915,-3211,0,245
528930.053,af26,215,-936,-2477,0,246
528938.054,af26,71,-373,-2068,0,247
528946.045,af26,115,81,-1940,0,248
528954.036,af26,59,592,-2011,0,249
528962.036,af26,-247,643,-2385,0,250
528970.037,af26,-484,1067,-3300,0,251
528978.035,af26,-527,577,-3875,0,252
528986.031,af26,-413,-239,-4407,0,253
528994.036,af26,-538,1081,-4798,0,254
529002.032,af26,-383,606,-4892,0,255
529010.026,af26,-416,-19,-4706,0,0
529018.018,af26,-454,412,-4314,0,1
529026.009,af26,-244,-13,-3806,0,2
529034.002,af26,-246,-103,-3257,0,3
529042.002,af26,-186,-152,-2760,0,4
529050.0,af26,-38,-303,-2425,0,5
529057.993,af26,-78,-223,-2254,0,6
529065.994,af26,-89,123,-2349,0,7
529073.984,af26,-57,-222,-2845,0,8
529081.979,af26,-78,-604,-3358,0,9
529089.965,af26,-293,26,-3973,0,10
529097.973,af26,-265,-467,-4500,0,11
529105.978,af26,-509,-179,-4722,0,12
529113.993,af26,-614,-55,-4778,0,13
529121.997,af26,-498,-135,-4550,0,14
529129.988,af26,-478,184,-4143,0,15
529137.98,af26,-280,257,-3621,0,16
529145.978,af26,-168,273,-3105,0,17
529153.984,af26,-102,326,-2705,0,18
529161.984,af26,-93,362,-2387,0,19
529169.976,af26,2,312,-2382,0,20
529177.973,af26,-65,352,-2617,0,21
529185.975,af26,-153,290,-2949,0,22
529193.976,af26,-164,153,-3469,0,23
529201.966,af26,-404,56,-3934,0,24
529209.974,af26,-535,-34,-4384,0,25
529217.969,af26,-518,-132,-4626,0,26
529225.956,af26,-464,-169,-4657,0,27
529233.952,af26,-390,-227,-4464,0,28
529241.942,af26,-264,-204,-4074,0,29
529249.933,af26,-200,-191,-3620,0,30
529257.933,af26,-147,-138,-3116,0,31
529265.929,af26,-107,-140,-2757,0,32
529273.923,af26,-72,-15,-2588,0,33
529281.918,af26,-81,23,-2536,0,34
529289.926,af26,-125,173,-2778,0,35
529297.93,af26,-216,233,-3121,0,36
529305.929,af26,-253,212,-3528,0,37
529313.922,af26,-251,256,-3960,0,38
529321.914,af26,16,817,-4219,0,39
529329.923,af26,-188,2256,-4559,0,40
529337.913,af26,-554,1741,-4632,0,41
529345.908,af26,-332,1875,-4752,0,42
529353.905,af26,-887,5525,-4528,0,43
529361.904,af26,-854,5432,-4321,0,44
529369.901,af26,-821,4115,-3151,0,45
529377.895,af26,-465,4950,-2360,0,46
529385.907,af26,-222,3252,-2192,0,47
529393.906,af26,-1145,2358,-1399,0,48
529401.906,af26,-827,1225,-2447,0,49
529409.907,af26,-1238,346,-2524,0,50
529417.9,af26,-2055,331,-3327,0,51
529425.905,af26,-1362,-169,-3344,0,52
529433.912,af26,-872,-147,-4761,0,53
529441.906,af26,-1542,-46,-4708,0,54
529449.907,af26,-2091,216,-5194,0,55
529457.914,af26,-1867,1493,-4119,0,56
529465.917,af26,-1221,587,-5688,0,57
529473.928,af26,-1952,1657,-4227,0,58
529481.93,af26,-1167,826,-3874,0,59
529489.938,af26,-1642,1563,-2361,0,60
529497.953,af26,-468,499,-2770,0,61
529505.964,af26,-685,817,-2337,0,62
529513.975,af26,-1437,145,-2437,0,63
529521.978,af26,-1635,360,-2479,0,64
529529.989,af26,-1182,256,-2537,0,65
529537.99,af26,-1458,-375,-3251,0,66
529546.004,af26,-1619,-156,-3672,0,67
529554.002,af26,-1580,-1983,-4497,0,68
529562.002,af26,-2736,-1048,-4543,0,69
529570.003,af26,-1819,-1282,-5135,0,70
529578.008,af26,-1055,-3973,-5163,0,71
529586.011,af26,-627,-4963,-5037,0,72
529594.008,af26,-625,-5388,-4471,0,73
529602.014,af26,-283,-7380,-3539,0,74
529610.014,af26,104,-6602,-2730,0,75
529618.02,af26,28,-6255,-2138,0,76
529626.013,af26,303,-5308,-1696,0,77
529634.007,af26,262,-3175,-1694,0,78
529642.012,af26,355,-1651,-1831,0,79
529650.042,af26,293,-329,-2367,0,80
529658.035,af26,402,453,-2784,0,81
529666.033,af26,683,3076,-3354,0,82
529674.025,af26,-176,1609,-3894,0,83
529682.018,af26,-1262,2590,-4628,0,84
529690.015,af26,-1396,3931,-5636,0,85
529698.013,af26,-318,3381,-6111,0,86
529706.007,af26,-829,3168,-4943,0,87
529714.003,af26,-544,2235,-4278,0,88
529721.999,af26,-359,1845,-3334,0,89
529729.996,af26,-127,1241,-2522,0,90
529737.993,af26,57,436,-2029,0,91
529745.988,af26,260,6,-1742,0,92
529753.984,af26,483,-516,-1687,0,93
529761.98,af26,95,-759,-1892,0,94
529769.991,af26,-9,305,-2268,0,95
529777.989,af26,4,-905,-2946,0,96
529785.989,af26,-130,-1183,-3730,0,97
529793.988,af26,-340,-504,-4367,0,98
529801.993,af26,-392,-1083,-5003,0,99
529809.991,af26,-821,-321,-5331,0,100
529817.987,af26,-809,-210,-5242,0,101
529825.986,af26,-490,208,-4886,0,102
529833.985,af26,-402,583,-4319,0,103
529841.986,af26,-177,728,-3649,0,104
529849.98,af26,-13,804,-2917,0,105
529857.972,af26,-70,887,-2437,0,106
529865.963,af26,-4,496,-2094,0,107
529873.969,af26,187,754,-1976,0,108
529881.958,af26,234,1400,-2080,0,109
529889.953,af26,180,799,-2349,0,110
529897.952,af26,78,853,-2844,0,111
529905.952,af26,-200,994,-3390,0,112
529913.953,af26,-422,385,-4323,0,113
529921.948,af26,-427,322,-4842,0,114
529929.953,af26,-512,317,-5129,0,115
529937.946,af26,-613,5,-5130,0,116
529945.935,af26,-550,-140,-4812,0,117
529953.928,af26,-431,-77,-4326,0,118
529961.938,af26,-306,-101,-3679,0,119
529969.928,af26,-73,-74,-3094,0,120
529977.921,af26,43,-76,-2600,0,121
529985.911,af26,96,23,-2277,0,122
529993.913,af26,92,108,-2159,0,123
530001.918,af26,44,141,-2168,0,124
530009.913,af26,-30,211,-2440,0,125
530017.902,af26,-93,371,-3041,0,126
530025.894,af26,-141,387,-3591,0,127
530033.883,af26,-281,484,-4127,0,128
530041.869,af26,-421,507,-4568,0,129
530049.857,af26,-551,655,-4824,0,130
530057.843,af26,-567,718,-4855,0,131
530065.84,af26,-507,663,-4633,0,132
530073.843,af26,-340,670,-4238,0,133
530081.83,af26,-215,561,-3777,0,134
530089.813,af26,-78,475,-3226,0,135
530097.803,af26,-52,369,-2789,0,136
530105.79,af26,-64,222,-2478,0,137
530113.777,af26,-5,110,-2322,0,138
530121.764,af26,167,-11,-2417,0,139
530129.752,af26,193,-717,-2370,0,140
530137.743,af26,-348,-3343,-2885,0,141
530145.746,af26,-662,-1328,-3552,0,142
530153.741,af26,-698,-5545,-4335,0,143
530161.743,af26,-798,-5545,-4540,0,144
530169.735,af26,-1075,-3861,-4963,0,145
530177.728,af26,-733,-5461,-4787,0,146
530185.722,af26,-1135,-3412,-4091,0,147
530193.718,af26,-1144,-1518,-3443,0,148
530201.719,af26,-1342,-1639,-3169,0,149
530209.713,af26,-495,46,-2672,0,150
530217.713,af26,-780,767,-2759,0,151
530225.709,af26,-1222,870,-3051,0,152
530233.71,af26,-986,690,-2887,0,153
530241.725,af26,-1294,-165,-3083,0,154
530249.716,af26,-1126,343,-3651,0,155
530257.708,af26,-1464,-170,-4079,0,156
530265.713,af26,-1437,-836,-4269,0,157
530273.708,af26,-1132,-1566,-4918,0,158
530281.708,af26,-1214,-1357,-4864,0,159
530289.709,af26,-1659,-138,-3834,0,160
530297.717,af26,-880,-2315,-4308,0,161
530305.73,af26,-2007,219,-3287,0,162
530313.733,af26,-901,-1033,-3107,0,163
530321.745,af26,-1192,-393,-3300,0,164
530329.757,af26,-1679,156,-2748,0,165
530337.753,af26,-820,119,-2488,0,166
530345.753,af26,-1374,1372,-3052,0,167
530353.753,af26,-722,-245,-2400,0,168
530361.755,af26,-1251,1430,-3970,0,169
530369.758,af26,-1873,3740,-4073,0,170
530377.762,af26,-1280,4091,-4340,0,171
530385.761,af26,-1605,5135,-4548,0,172
530393.764,af26,-1409,6549,-4518,0,173
530401.76,af26,-1267,6538,-4031,0,174
530409.758,af26,-1090,6724,-3388,0,175
530417.756,af26,-721,6476,-2719,0,176
530425.767,af26,-323,4961,-2000,0,177
530433.773,af26,-307,3925,-1720,0,178
530441.783,af26,20,2041,-1768,0,179
530449.787,af26,240,243,-2374,0,180
530457.792,af26,471,-191,-2934,0,181
530465.791,af26,1680,-1892,-3617,0,182
530473.798,af26,319,-265,-4755,0,183
530481.804,af26,199,-3580,-5298,0,184
530489.804,af26,-540,-2748,-5252,0,185
530497.804,af26,-902,-2381,-5195,0,186
530505.814,af26,-833,-2858,-4735,0,187
530513.832,af26,-497,-1794,-4045,0,188
530521.84,af26,-22,-1493,-3237,0,189
530529.839,af26,112,-1176,-2568,0,190
530537.843,af26,-19,-118,-2074,0,191
530545.843,af26,244,312,-1994,0,192
530553.848,af26,-553,714,-2094,0,193
530561.858,af26,-653,1207,-2587,0,194
530569.861,af26,-481,641,-3122,0,195
530577.866,af26,-482,85,-3777,0,196
530585.874,af26,-709,1306,-4326,0,197
530593.881,af26,-568,699,-4723,0,198
530601.882,af26,-473,281,-4814,0,199
530609.892,af26,-472,514,-4746,0,200
530617.898,af26,-249,59,-4378,0,201
530625.901,af26,-236,-31,-3867,0,202
530633.904,af26,-205,-52,-3330,0,203
530641.898,af26,-77,-364,-2820,0,204
530649.903,af26,6,-585,-2463,0,205
530657.898,af26,-180,-19,-2315,0,206
530665.9,af26,-78,438,-2487,0,207
530673.898,af26,51,-920,-2809,0,208
530681.908,af26,-257,-229,-3339,0,209
530689.906,af26,-261,-55,-3965,0,210
530697.905,af26,-357,-458,-4427,0,211
530705.901,af26,-497,13,-4730,0,212
530713.896,af26,-481,-59,-4772,0,213
530721.898,af26,-565,88,-4559,0,214
530729.893,af26,-481,211,-4165,0,215
530737.89,af26,-246,238,-3656,0,216
530745.884,af26,-155,337,-3131,0,217
530753.898,af26,-138,393,-2738,0,218
530761.896,af26,12,325,-2442,0,219
530769.892,af26,-11,380,-2412,0,220
530777.896,af26,-66,313,-2594,0,221
530785.898,af26,-56,222,-2932,0,222
530793.896,af26,-210,199,-3430,0,223
530801.898,af26,-338,35,-3867,0,224
530809.899,af26,-434,-30,-4332,0,225
530817.896,af26,-530,-115,-4613,0,226
530825.892,af26,-502,-179,-4622,0,227
530833.894,af26,-389,-213,-4469,0,228
530841.905,af26,-305,-217,-4127,0,229
530849.904,af26,-235,-212,-3647,0,230
530857.903,af26,-108,-160,-3203,0,231
530865.906,af26,-70,-125,-2831,0,232
530873.912,af26,-47,-15,-2580,0,233
530881.913,af26,-54,33,-2568,0,234
530889.918,af26,-90,81,-2754,0,235
530897.913,af26,-236,112,-3073,0,236
530905.907,af26,-262,177,-3469,0,237
530913.908,af26,-234,203,-3915,0,238
530921.908,af26,110,942,-4229,0,239
530929.903,af26,-191,2562,-4459,0,240
530937.901,af26,-900,2428,-4400,0,241
530945.903,af26,-596,1701,-4622,0,242
530953.902,af26,-1221,6244,-4358,0,243
530961.904,af26,-790,5121,-3990,0,244
530969.917,af26,-425,3811,-2635,0,245
530977.916,af26,-837,4246,-2328,0,246
530985.918,af26,-684,2292,-1606,0,247
530993.927,af26,-586,2075,-2125,0,248
531001.94,af26,-654,1439,-2300,0,249
531009.948,af26,-824,996,-2412,0,250
531017.95,af26,-500,-35,-3010,0,251
531025.953,af26,-309,300,-4816,0,252
531033.953,af26,-907,-364,-5093,0,253
531041.952,af26,-1720,-679,-5518,0,254
531049.955,af26,-1669,951,-4354,0,255
531057.958,af26,-859,11,-5576,0,0
531065.96,af26,-1481,1242,-4847,0,1
531073.957,af26,-1840,1476,-3588,0,2
531081.963,af26,-1611,1522,-2766,0,3
531089.964,af26,-1468,1219,-2725,0,4
531097.966,af26,-1046,806,-2765,0,5
531105.973,af26,-770,-145,-2250,0,6
531113.981,af26,-1192,395,-2354,0,7
531121.993,af26,-1915,423,-2306,0,8
531130.013,af26,-1710,-238,-2877,0,9
531138.02,af26,-1403,21,-3053,0,10
531146.03,af26,-1911,518,-3920,0,11
531154.03,af26,-1968,-712,-3880,0,12
531162.036,af26,-1762,-211,-4835,0,13
531170.051,af26,-1453,-2474,-5047,0,14
531178.061,af26,-1145,-3732,-5523,0,15
531186.07,af26,-1035,-5037,-4777,0,16
531194.111,af26,-560,-6513,-4362,0,17
531202.148,af26,-244,-7013,-3681,0,18
531210.146,af26,10,-7140,-2790,0,19
531218.147,af26,137,-6564,-1954,0,20
531226.15,af26,267,-5033,-1641,0,21
531234.153,af26,183,-3521,-1616,0,22
531242.163,af26,394,-1593,-1777,0,23
531250.162,af26,265,-106,-2318,0,24
531258.161,af26,430,1373,-2839,0,25
531266.16,af26,603,3049,-3158,0,26
531274.159,af26,-1456,1266,-3890,0,27
531282.161,af26,-1571,3537,-5098,0,28
531290.166,af26,-965,5342,-5561,0,29
531298.174,af26,-762,2320,-5691,0,30
531306.181,af26,-388,3573,-5053,0,31
531314.182,af26,-433,2656,-3934,0,32
531322.183,af26,-446,1151,-3085,0,33
531330.184,af26,-348,878,-2437,0,34
531338.188,af26,-157,344,-2025,0,35
531346.205,af26,119,-265,-1789,0,36
531354.221,af26,123,-681,-1739,0,37
531362.223,af26,449,-532,-1679,0,38
531370.232,af26,-11,353,-2350,0,39
531378.238,af26,-79,-1745,-3038,0,40
531386.236,af26,-167,-956,-3841,0,41
531394.234,af26,-313,-1022,-4676,0,42
531402.238,af26,-562,-883,-5168,0,43
531410.244,af26,-827,-163,-5341,0,44
531418.251,af26,-757,-57,-5199,0,45
531426.258,af26,-312,403,-4858,0,46
531434.25,af26,-145,558,-4204,0,47
531442.253,af26,234,801,-3536,0,48
531450.258,af26,-64,1306,-2842,0,49
531458.253,af26,-296,701,-2294,0,50
531466.256,af26,-146,491,-2033,0,51
531474.257,af26,40,1382,-1892,0,52
531482.249,af26,100,1291,-2055,0,53
531490.242,af26,28,689,-2424,0,54
531498.248,af26,-61,1089,-3032,0,55
531506.251,af26,-285,620,-3643,0,56
531514.248,af26,-398,252,-4322,0,57
531522.237,af26,-385,322,-4853,0,58
531530.233,af26,-573,67,-5122,0,59
531538.239,af26,-551,-59,-5134,0,60
531546.243,af26,-538,-175,-4752,0,61
531554.234,af26,-468,-99,-4210,0,62
531562.233,af26,-268,-92,-3631,0,63
531570.234,af26,-48,-51,-3089,0,64
531578.227,af26,44,-115,-2565,0,65
531586.216,af26,76,32,-2239,0,66
531594.209,af26,97,64,-2137,0,67
531602.196,af26,26,213,-2301,0,68
531610.186,af26,-35,344,-2643,0,69
531618.178,af26,-159,304,-3109,0,70
531626.165,af26,-164,477,-3657,0,71
531634.164,af26,-300,506,-4186,0,72
531642.154,af26,-455,634,-4556,0,73
531650.142,af26,-556,476,-4818,0,74
531658.143,af26,-552,829,-4839,0,75
531666.143,af26,-486,655,-4620,0,76
531674.138,af26,-326,590,-4224,0,77
531682.129,af26,-212,695,-3718,0,78
531690.126,af26,-67,356,-3142,0,79
531698.128,af26,-85,374,-2755,0,80
531706.119,af26,-39,151,-2380,0,81
531714.108,af26,36,-14,-2342,0,82
531722.103,af26,245,-355,-2242,0,83
531730.1,af26,512,-1407,-2785,0,84
531738.095,af26,-1325,-3260,-3080,0,85
531746.089,af26,-953,-978,-3756,0,86
531754.09,af26,-272,-6599,-4289,0,87
531762.089,af26,-492,-4938,-4971,0,88
531770.089,af26,-516,-3853,-4984,0,89
531778.077,af26,-620,-5865,-4582,0,90
531786.07,af26,-979,-2519,-4046,0,91
531794.075,af26,-1166,-1172,-3299,0,92
531802.071,af26,-1075,-1793,-3513,0,93
531810.069,af26,-995,553,-3100,0,94
531818.07,af26,-1115,581,-3212,0,95
531826.066,af26,-553,430,-2483,0,96
531834.061,af26,-979,381,-2611,0,97
531842.057,af26,-1126,1464,-3286,0,98
531850.057,af26,-1335,439,-3935,0,99
531858.054,af26,-1158,-935,-4080,0,100
531866.046,af26,-788,-789,-4535,0,101
531874.041,af26,-918,-2436,-4404,0,102
531882.036,af26,-1689,-690,-4576,0,103
531890.029,af26,-1921,-1801,-3231,0,104
531898.03,af26,-1489,71,-3430,0,105
531906.025,af26,-1928,-225,-3869,0,106
531914.02,af26,-1262,-190,-3716,0,107
531922.013,af26,-1608,443,-2691,0,108
531930.004,af26,-2076,937,-2854,0,109
531937.993,af26,-1785,887,-2893,0,110
531945.996,af26,-1617,1771,-2413,0,111
531953.989,af26,-1481,1394,-2615,0,112
531961.986,af26,-1146,2090,-3355,0,113
531969.978,af26,-1334,3731,-4497,0,114
531977.976,af26,-1285,4104,-4924,0,115
531985.97,af26,-1356,5399,-4859,0,116
531993.964,af26,-1230,6884,-4395,0,117
532001.972,af26,-973,6428,-4189,0,118
532009.962,af26,-867,6879,-3259,0,119
532017.97,af26,-417,6173,-2385,0,120
532025.961,af26,-416,4450,-1771,0,121
532033.978,af26,-243,2984,-1693,0,122
532041.984,af26,164,1096,-1790,0,123
532049.984,af26,58,-339,-2526,0,124
532057.983,af26,771,-724,-3158,0,125
532065.991,af26,838,-629,-3986,0,126
532073.988,af26,-183,-945,-4693,0,127
532081.983,af26,-805,-3451,-5053,0,128
532089.982,af26,-1174,-2557,-5316,0,129
532097.969,af26,-1087,-2290,-5258,0,130
532105.958,af26,-602,-3061,-4740,0,131
532113.95,af26,-178,-1366,-3886,0,132
532121.949,af26,238,-1449,-3098,0,133
532129.953,af26,157,-568,-2206,0,134
532137.957,af26,-219,180,-1965,0,135
532145.952,af26,-420,377,-2082,0,136
532153.948,af26,-283,489,-2450,0,137
532161.945,af26,-311,1461,-2910,0,138
532169.949,af26,-109,234,-3481,0,139
532177.938,af26,-232,388,-4028,0,140
532185.922,af26,-493,1168,-4423,0,141
532193.912,af26,-541,709,-4710,0,142
532201.913,af26,-537,159,-4784,0,143
532209.908,af26,-474,449,-4598,0,144
532217.908,af26,-272,59,-4226,0,145
532225.916,af26,-298,-76,-3685,0,146
532233.914,af26,-180,-204,-3015,0,147
532241.917,af26,-65,-391,-2583,0,148
532249.917,af26,5,-430,-2376,0,149
532257.916,af26,116,-232,-2348,0,150
532265.92,af26,-84,565,-2561,0,151
532273.918,af26,35,-682,-2961,0,152
532281.915,af26,-135,-340,-3495,0,153
532289.916,af26,-262,43,-4033,0,154
532297.923,af26,-418,-460,-4498,0,155
532305.928,af26,-521,-38,-4752,0,156
532313.934,af26,-522,-82,-4762,0,157
532321.933,af26,-542,11,-4483,0,158
532329.938,af26,-490,209,-4046,0,159
532337.933,af26,-173,221,-3382,0,160
532345.929,af26,-132,313,-2925,0,161
532353.924,af26,-39,390,-2550,0,162
532361.919,af26,16,373,-2369,0,163
532369.923,af26,-3,299,-2428,0,164
532377.919,af26,-86,324,-2662,0,165
532385.914,af26,-65,243,-3076,0,166
532393.908,af26,-184,175,-3563,0,167
532401.908,af26,-401,80,-3996,0,168
532409.91,af26,-473,2,-4434,0,169
532417.916,af26,-500,-77,-4607,0,170
532425.918,af26,-510,-152,-4591,0,171
532433.908,af26,-384,-199,-4388,0,172
532441.9,af26,-223,-182,-3883,0,173
532449.891,af26,-187,-137,-3381,0,174
532457.887,af26,-11,-127,-2969,0,175
532465.889,af26,-25,-74,-2659,0,176
532473.897,af26,-53,-61,-2544,0,177
532481.895,af26,-67,7,-2610,0,178
532489.89,af26,-153,100,-2815,0,179
532497.89,af26,-191,137,-3159,0,180
532505.893,af26,-166,184,-3548,0,181
532513.894,af26,-127,297,-3989,0,182
532521.895,af26,-58,1081,-4096,0,183
532529.898,af26,-208,2533,-4003,0,184
532537.91,af26,-350,1060,-4420,0,185
532545.922,af26,-696,4567,-4082,0,186
532553.922,af26,-1388,6564,-3536,0,187
532561.929,af26,-958,3987,-3444,0,188
532569.933,af26,-1142,5321,-2493,0,189
532577.938,af26,-690,4142,-2264,0,190
532585.932,af26,-666,1829,-1859,0,191
532593.941,af26,-988,1669,-1922,0,192
532601.942,af26,-1155,1339,-2087,0,193
532609.962,af26,117,-415,-2615,0,194
532617.964,af26,-811,-422,-3521,0,195
532625.972,af26,-2240,-324,-4353,0,196
532633.988,af26,-642,-485,-4845,0,197
532642.005,af26,-1691,14,-5474,0,198
532650.014,af26,-988,143,-5070,0,199
532658.02,af26,-1908,629,-5778,0,200
532666.026,af26,-2368,1834,-4151,0,201
532674.032,af26,-1254,1465,-3463,0,202
532682.042,af26,-1256,1763,-2275,0,203
532690.048,af26,-1136,1392,-2503,0,204
532698.054,af26,-1127,406,-2069,0,205
532706.053,af26,-1404,712,-2720,0,206
532714.049,af26,-666,433,-2040,0,207
532722.053,af26,-1509,-36,-2350,0,208
532730.055,af26,-780,-613,-3442,0,209
532738.063,af26,-1207,-225,-3469,0,210
532746.063,af26,-2111,-1659,-4215,0,211
532754.078,af26,-1696,-1248,-5198,0,212
532762.091,af26,-990,-1313,-4959,0,213
532770.105,af26,-1348,-3961,-5020,0,214
532778.105,af26,-1096,-4444,-5206,0,215
532786.109,af26,-704,-5315,-4700,0,216
532794.124,af26,-531,-6810,-4396,0,217
532802.123,af26,-193,-6644,-3315,0,218
532810.12,af26,-62,-6599,-2588,0,219
532818.117,af26,275,-5919,-2148,0,220
532826.128,af26,339,-4149,-1690,0,221
532834.146,af26,309,-2598,-1759,0,222
532842.162,af26,378,-1034,-2000,0,223
532850.167,af26,67,412,-2593,0,224
532858.179,af26,-526,1123,-3479,0,225
532866.186,af26,106,2268,-4625,0,226
532874.194,af26,-188,1383,-5152,0,227
532882.218,af26,-828,4825,-5230,0,228
532890.223,af26,-1375,3067,-5570,0,229
532898.223,af26,-318,2774,-5699,0,230
532906.233,af26,-385,3491,-4775,0,231
532914.248,af26,-569,1934,-3698,0,232
532922.257,af26,-332,1362,-2980,0,233
532930.256,af26,-56,1057,-2413,0,234
532938.271,af26,269,362,-1993,0,235
532946.27,af26,407,-18,-1775,0,236
532954.265,af26,428,-419,-1745,0,237
532962.266,af26,-372,-495,-2284,0,238
532970.261,af26,70,449,-2731,0,239
532978.256,af26,-70,-1358,-3502,0,240
532986.257,af26,-181,-1004,-4236,0,241
532994.268,af26,-383,-363,-4847,0,242
533002.262,af26,-683,-919,-5248,0,243
533010.264,af26,-792,-227,-5363,0,244
533018.268,af26,-687,176,-5158,0,245
533026.271,af26,-272,257,-4685,0,246
533034.272,af26,-265,345,-4020,0,247
533042.267,af26,118,912,-3310,0,248
533050.264,af26,-55,659,-2674,0,249
533058.264,af26,-34,975,-2229,0,250
533066.266,af26,-24,318,-1903,0,251
533074.268,af26,104,1279,-1971,0,252
533082.278,af26,71,1016,-2264,0,253
533090.283,af26,50,559,-2735,0,254
533098.281,af26,-122,962,-3277,0,255
533106.277,af26,-313,644,-3891,0,0
533114.283,af26,-425,293,-4539,0,1
533122.289,af26,-525,315,-4919,0,2
533130.289,af26,-525,142,-5173,0,3
533138.283,af26,-589,-63,-5034,0,4
533146.281,af26,-513,-31,-4652,0,5
533154.277,af26,-429,-44,-4045,0,6
533162.291,af26,-221,3,-3423,0,7
533170.308,af26,70,-93,-2728,0,8
533178.313,af26,111,87,-2345,0,9
533186.315,af26,155,131,-2137,0,10
533194.313,af26,68,147,-2146,0,11
533202.309,af26,-29,290,-2366,0,12
533210.304,af26,-72,427,-2768,0,13
533218.314,af26,-120,514,-3274,0,14
533226.316,af26,-204,437,-3836,0,15
533234.313,af26,-354,601,-4343,0,16
533242.315,af26,-490,686,-4716,0,17
533250.323,af26,-604,521,-4883,0,18
533258.323,af26,-512,683,-4820,0,19
533266.325,af26,-441,573,-4537,0,20
533274.328,af26,-239,494,-3865,0,21
533282.338,af26,-106,390,-3322,0,22
533290.329,af26,-83,236,-2887,0,23
533298.328,af26,-73,181,-2500,0,24
533306.321,af26,5,105,-2326,0,25
533314.316,af26,118,79,-2344,0,26
533322.311,af26,262,-21,-2302,0,27
533330.311,af26,-142,-2230,-2453,0,28
533338.309,af26,-818,-1921,-3215,0,29
533346.308,af26,-282,-1371,-4127,0,30
533354.309,af26,-764,-6652,-5153,0,31
533362.312,af26,-781,-4626,-5085,0,32
533370.308,af26,-532,-4394,-4844,0,33
533378.308,af26,-845,-4430,-4103,0,34
533386.308,af26,-845,-1478,-3825,0,35
533394.316,af26,-1236,-1783,-3011,0,36
533402.333,af26,-968,-936,-2964,0,37
533410.328,af26,-805,288,-2668,0,38
533418.318,af26,-748,698,-2392,0,39
533426.318,af26,-688,539,-2735,0,40
533434.313,af26,-902,325,-2798,0,41
533442.323,af26,-578,-36,-2766,0,42
533450.323,af26,-1738,-857,-4290,0,43
533458.322,af26,-1747,-580,-5288,0,44
533466.325,af26,-853,-2052,-5031,0,45
533474.329,af26,-1028,-1239,-4808,0,46
533482.335,af26,-2022,-1842,-4118,0,47
533490.349,af26,-1533,-335,-4112,0,48
533498.357,af26,-1308,-1609,-3141,0,49
533506.366,af26,-1703,156,-3436,0,50
533514.374,af26,-1243,510,-2844,0,51
533522.378,af26,-1588,1329,-2271,0,52
533530.383,af26,-1862,296,-2707,0,53
533538.392,af26,-1752,1207,-3096,0,54
533546.403,af26,-1424,-127,-2898,0,55
533554.408,af26,-1145,1069,-3918,0,56
533562.412,af26,-1028,2556,-3507,0,57
533570.415,af26,-1409,4443,-4497,0,58
533578.43,af26,-1093,5286,-4504,0,59
533586.442,af26,-1295,6379,-4330,0,60
533594.457,af26,-979,6438,-4143,0,61
533602.467,af26,-653,6221,-3361,0,62
533610.473,af26,-368,5878,-2680,0,63
533618.476,af26,-35,4603,-2237,0,64
533626.475,af26,-150,3451,-1932,0,65
533634.473,af26,86,2051,-1953,0,66
533642.484,af26,226,648,-2166,0,67
533650.499,af26,39,-232,-2686,0,68
533658.505,af26,-335,-1527,-3729,0,69
533666.517,af26,-1303,-221,-4152,0,70
533674.528,af26,-1090,-1579,-4881,0,71
533682.542,af26,-1221,-3052,-5202,0,72
533690.563,af26,-366,-1663,-5255,0,73
533698.574,af26,-126,-2595,-4696,0,74
533706.581,af26,-289,-1673,-4025,0,75
533714.593,af26,-5,-1039,-3289,0,76
533722.598,af26,161,-1196,-2657,0,77
533730.604,af26,118,-356,-2153,0,78
533738.617,af26,-18,129,-2073,0,79
533746.621,af26,53,220,-2340,0,80
533754.631,af26,-72,451,-2749,0,81
533762.632,af26,-202,1038,-3231,0,82
533770.643,af26,-139,1182,-3719,0,83
533778.667,af26,-263,129,-4255,0,84
533786.68,af26,-740,855,-4535,0,85
533794.687,af26,-562,822,-4783,0,86
533802.698,af26,-429,178,-4695,0,87
533810.708,af26,-296,458,-4322,0,88
533818.714,af26,-194,137,-3822,0,89
533826.733,af26,-185,-72,-3344,0,90
533834.747,af26,-240,-265,-2840,0,91
533842.761,af26,-85,-437,-2489,0,92
533850.768,af26,-77,-591,-2347,0,93
533858.781,af26,-122,499,-2424,0,94
533866.79,af26,-25,-602,-2740,0,95
533874.805,af26,-40,-723,-3204,0,96
533882.823,af26,-274,60,-3756,0,97
533890.837,af26,-310,-691,-4360,0,98
533898.853,af26,-513,16,-4616,0,99
533906.858,af26,-573,-214,-4667,0,100
533914.864,af26,-470,-79,-4494,0,101
533922.886,af26,-449,287,-4092,0,102
533930.902,af26,-287,291,-3626,0,103
533938.914,af26,-139,396,-3145,0,104
533946.926,af26,-166,482,-2808,0,105
533954.928,af26,-65,516,-2535,0,106
533962.942,af26,11,407,-2490,0,107
533970.958,af26,-41,375,-2634,0,108
533978.972,af26,-122,355,-2870,0,109
533986.991,af26,-222,167,-3466,0,110
533995.001,af26,-383,-33,-3894,0,111
534003.01,af26,-454,-98,-4283,0,112
534011.028,af26,-449,-175,-4555,0,113
534019.041,af26,-427,-268,-4562,0,114
534027.058,af26,-394,-298,-4374,0,115
534035.077,af26,-276,-289,-4071,0,116
534043.087,af26,-207,-264,-3581,0,117
534051.095,af26,-153,-208,-3223,0,118
534059.109,af26,-80,-121,-2861,0,119
534067.118,af26,-72,-8,-2650,0,120
534075.133,af26,-129,44,-2616,0,121
534083.157,af26,-180,164,-2826,0,122
534091.165,af26,-205,242,-3124,0,123
534099.173,af26,-235,247,-3491,0,124
534107.198,af26,-265,315,-3894,0,125
534115.223,af26,-108,777,-4203,0,126
534123.243,af26,-359,1978,-4164,0,127
534131.253,af26,-362,2441,-4209,0,128
534139.252,af26,-693,2451,-4304,0,129
534147.252,af26,-828,5448,-4624,0,130
534155.258,af26,-995,5081,-4324,0,131
534163.27,af26,-766,4383,-3207,0,132
534171.28,af26,-643,4858,-2782,0,133
534179.29,af26,-1142,2389,-1995,0,134
534187.296,af26,-753,2168,-2210,0,135
534195.312,af26,-850,1415,-2623,0,136
534203.327,af26,-1080,446,-3069,0,137
534211.333,af26,-1019,72,-3515,0,138
534219.343,af26,-1019,-1033,-3881,0,139
534227.347,af26,-1343,37,-4911,0,140
534235.348,af26,-1323,-502,-4559,0,141
534243.368,af26,-1139,197,-4852,0,142
534251.373,af26,-2033,1659,-4330,0,143
534259.385,af26,-689,802,-4515,0,144
534267.388,af26,-967,1177,-3855,0,145
534275.402,af26,-792,1134,-3422,0,146
534283.405,af26,-1083,903,-3009,0,147
534291.415,af26,-1065,929,-2633,0,148
534299.417,af26,-1452,601,-2052,0,149
534307.418,af26,-1627,116,-2242,0,150
534315.434,af26,-1024,67,-3114,0,151
534323.441,af26,-1420,-34,-2596,0,152
534331.452,af26,-1504,-971,-3800,0,153
534339.458,af26,-1070,-1029,-3223,0,154
534347.471,af26,-494,-944,-3944,0,155
534355.487,af26,-2004,-879,-4827,0,156
534363.497,af26,-1604,-1349,-5114,0,157
534371.508,af26,-1155,-3735,-4789,0,158
534379.518,af26,-739,-4349,-4901,0,159
534387.528,af26,-458,-6064,-4326,0,160
534395.543,af26,-411,-7286,-3859,0,161
534403.559,af26,-131,-6715,-3034,0,162
534411.559,af26,53,-6945,-2286,0,163
534419.56,af26,330,-5625,-1922,0,164
534427.568,af26,314,-3843,-1672,0,165
534435.57,af26,258,-2402,-1841,0,166
534443.583,af26,194,-659,-2273,0,167
534451.586,af26,-140,521,-2955,0,168
534459.593,af26,-212,1552,-3477,0,169
534467.606,af26,477,2714,-4633,0,170
534475.608,af26,-370,2130,-5118,0,171
534483.624,af26,-1366,5733,-5264,0,172
534491.628,af26,-45,4266,-5771,0,173
534499.645,af26,-806,3357,-4917,0,174
534507.664,af26,-824,3106,-4206,0,175
534515.676,af26,-353,1704,-3418,0,176
534523.677,af26,0,1110,-2666,0,177
534531.689,af26,12,517,-2031,0,178
534539.705,af26,252,-73,-1732,0,179
534547.712,af26,456,-562,-1712,0,180
534555.709,af26,-590,-453,-1934,0,181
534563.708,af26,-117,248,-2292,0,182
534571.704,af26,47,-1100,-2909,0,183
534579.701,af26,-62,-1107,-3648,0,184
534587.699,af26,-381,-615,-4372,0,185
534595.703,af26,-383,-1069,-5118,0,186
534603.707,af26,-748,-535,-5271,0,187
534611.718,af26,-807,-420,-5250,0,188
534619.718,af26,-509,182,-4866,0,189
534627.713,af26,-364,597,-4277,0,190
534635.709,af26,-180,536,-3577,0,191
534643.706,af26,-90,949,-2930,0,192
534651.716,af26,-222,1221,-2408,0,193
534659.718,af26,-235,523,-2062,0,194
534667.712,af26,50,576,-1977,0,195
534675.718,af26,63,1357,-2035,0,196
534683.718,af26,51,952,-2390,0,197
534691.723,af26,54,756,-2890,0,198
534699.727,af26,-305,1004,-3557,0,199
534707.727,af26,-439,489,-4235,0,200
534715.725,af26,-436,402,-4776,0,201
534723.72,af26,-507,439,-5121,0,202
534731.717,af26,-594,131,-5118,0,203
534739.716,af26,-520,-5,-4819,0,204
534747.718,af26,-472,-46,-4326,0,205
534755.722,af26,-295,0,-3706,0,206
534763.714,af26,-73,-35,-3129,0,207
534771.723,af26,9,-95,-2622,0,208
534779.737,af26,80,-19,-2277,0,209
534787.741,af26,117,80,-2142,0,210
534795.742,af26,30,57,-2227,0,211
534803.737,af26,-12,241,-2546,0,212
534811.733,af26,-99,323,-3003,0,213
534819.745,af26,-167,395,-3571,0,214
534827.743,af26,-327,492,-4097,0,215
534835.755,af26,-406,510,-4541,0,216
534843.751,af26,-570,613,-4783,0,217
534851.751,af26,-583,684,-4844,0,218
534859.762,af26,-494,633,-4667,0,219
534867.761,af26,-366,644,-4303,0,220
534875.759,af26,-215,586,-3803,0,221
534883.76,af26,-87,521,-3223,0,222
534891.769,af26,-43,343,-2811,0,223
534899.778,af26,-49,200,-2485,0,224
534907.78,af26,17,86,-2355,0,225
534915.786,af26,14,20,-2436,0,226
534923.79,af26,26,-27,-2686,0,227
534931.793,af26,-49,46,-3124,0,228
534939.788,af26,-160,-103,-3446,0,229
534947.785,af26,-539,-2121,-3725,0,230
534955.781,af26,-683,-1979,-4471,0,231
534963.778,af26,-70,-1513,-5108,0,232
534971.783,af26,-13,-6640,-5008,0,233
534979.783,af26,-398,-4369,-4818,0,234
534987.783,af26,-972,-4112,-4104,0,235
534995.778,af26,-506,-5425,-3044,0,236
535003.781,af26,-536,-2059,-2833,0,237
535011.779,af26,-687,-1842,-2247,0,238
535019.786,af26,-742,-963,-2210,0,239
535027.802,af26,-531,485,-1926,0,240
535035.807,af26,-1075,513,-2800,0,241
535043.797,af26,-787,346,-2651,0,242
535051.79,af26,-1014,954,-3928,0,243
535059.781,af26,-1253,-280,-4495,0,244
535067.775,af26,-1259,-873,-4890,0,245
535075.775,af26,-1587,-57,-5392,0,246
535083.776,af26,-1814,-1223,-4918,0,247
535091.78,af26,-2302,-427,-4256,0,248
535099.776,af26,-1100,-942,-3917,0,249
535107.783,af26,-1408,-1537,-3279,0,250
535115.788,af26,-557,-1559,-2695,0,251
535123.793,af26,-1651,916,-2154,0,252
535131.805,af26,-640,-1196,-3194,0,253
