632024.248,af26,-627,235,4325,0,36
632032.229,af26,-606,251,4144,0,37
632040.203,af26,-555,100,4138,0,38
632048.178,af26,-448,-51,3986,0,39
632056.166,af26,-446,-116,4006,0,40
632064.145,af26,-546,15,4186,0,41
632072.117,af26,-604,205,4325,0,42
632080.103,af26,-654,344,4284,0,43
632088.083,af26,-742,279,4375,0,44
632096.06,af26,-702,181,4286,0,45
632104.036,af26,-471,-69,4122,0,46
632111.999,af26,-455,-68,4099,0,47
632119.974,af26,-468,-2,4064,0,48
632127.947,af26,-545,146,4109,0,49
632135.915,af26,-637,183,4258,0,50
632143.89,af26,-725,221,4318,0,51
632151.863,af26,-662,83,4322,0,52
632159.832,af26,-614,99,4314,0,53
632167.798,af26,-532,58,4197,0,54
632175.772,af26,-524,153,4093,0,55
632183.752,af26,-504,171,4073,0,56
632191.718,af26,-490,112,4093,0,57
632199.694,af26,-577,40,4185,0,58
632207.668,af26,-606,-17,4321,0,59
632215.637,af26,-697,-14,4291,0,60
632223.606,af26,-679,150,4281,0,61
632231.589,af26,-592,193,4201,0,62
632239.555,af26,-536,222,4084,0,63
632247.524,af26,-481,148,4088,0,64
632255.502,af26,-674,-1182,4180,0,65
632263.477,af26,-290,521,4331,0,66
632271.452,af26,-482,357,4048,0,67
632279.426,af26,-754,46,4254,0,68
632287.401,af26,-734,383,4320,0,69
632295.373,af26,-775,-172,4116,0,70
632303.347,af26,-587,-84,4347,0,71
632311.329,af26,-593,499,4244,0,72
632319.316,af26,-738,464,4194,0,73
632327.295,af26,-667,361,4124,0,74
632335.281,af26,-660,-5,4235,0,75
632343.256,af26,-491,134,4234,0,76
632351.228,af26,-413,-68,4098,0,77
632359.2,af26,-514,-75,4145,0,78
632367.167,af26,-684,12,4233,0,79
632375.135,af26,-676,229,4190,0,80
632383.107,af26,-576,275,4206,0,81
632391.076,af26,-587,197,4248,0,82
632399.045,af26,-574,112,4287,0,83
632407.021,af26,-489,-79,4203,0,84
632414.994,af26,-565,-27,4160,0,85
632422.968,af26,-621,135,4210,0,86
632430.938,af26,-521,184,4091,0,87
632438.926,af26,-575,173,4169,0,88
632446.896,af26,-640,112,4260,0,89
632454.868,af26,-565,1,4195,0,90
632462.839,af26,-578,15,4222,0,91
632470.809,af26,-588,79,4221,0,92
632478.788,af26,-616,234,4180,0,93
632486.752,af26,-543,240,4134,0,94
632494.722,af26,-549,123,4139,0,95
632502.698,af26,-665,-251,4244,0,96
632510.673,af26,-636,-57,4381,0,97
632518.653,af26,-626,236,4194,0,98
632526.621,af26,-600,395,4237,0,99
632534.595,af26,-576,183,4202,0,100
632542.568,af26,-533,185,4019,0,101
632550.542,af26,-521,-17,4077,0,102
632558.509,af26,-495,68,4179,0,103
632566.477,af26,-590,56,4183,0,104
632574.454,af26,-622,149,4279,0,105
632582.43,af26,-641,118,4356,0,106
632590.393,af26,-688,233,4315,0,107
632598.362,af26,-656,142,4275,0,108
632606.328,af26,-519,102,4223,0,109
632614.288,af26,-483,49,4093,0,110
632622.25,af26,-526,141,4091,0,111
632630.217,af26,-520,136,4137,0,112
632638.185,af26,-609,74,4195,0,113
632646.158,af26,-642,32,4318,0,114
632654.123,af26,-670,-17,4340,0,115
632662.085,af26,-641,-4,4286,0,116
632670.051,af26,-620,91,4238,0,117
632678.014,af26,-527,153,4157,0,118
632685.984,af26,-491,193,4065,0,119
632693.957,af26,-506,171,4078,0,120
632701.931,af26,-517,134,4202,0,121
632709.903,af26,-598,83,4234,0,122
632717.873,af26,-662,66,4280,0,123
632725.836,af26,-684,45,4326,0,124
632733.796,af26,-645,78,4210,0,125
632741.768,af26,-561,10,4145,0,126
632749.74,af26,-602,-99,4162,0,127
632757.719,af26,-535,-23,4160,0,128
632765.698,af26,-473,217,4158,0,129
632773.678,af26,-503,434,4197,0,130
632781.643,af26,-592,324,4148,0,131
632789.618,af26,-583,90,4249,0,132
632797.582,af26,-679,-87,4272,0,133
632805.557,af26,-643,-137,4300,0,134
632813.518,af26,-536,-5,4250,0,135
632821.483,af26,-516,145,4166,0,136
632829.455,af26,-589,227,4136,0,137
632837.418,af26,-544,132,4083,0,138
632845.39,af26,-575,5,4125,0,139
632853.367,af26,-647,-6,4290,0,140
632861.334,af26,-634,24,4328,0,141
632869.303,af26,-602,103,4223,0,142
632877.273,af26,-603,184,4203,0,143
632885.243,af26,-597,176,4157,0,144
632893.208,af26,-516,91,4073,0,145
632901.184,af26,-498,-42,4122,0,146
632909.158,af26,-563,8,4202,0,147
632917.131,af26,-594,66,4268,0,148
632925.108,af26,-628,207,4255,0,149
632933.083,af26,-593,263,4269,0,150
632941.054,af26,-549,121,4122,0,151
632949.026,af26,-476,43,4091,0,152
632957.0,af26,-449,52,4102,0,153
632964.97,af26,-556,139,4251,0,154
632972.944,af26,-561,271,4246,0,155
632980.923,af26,-782,-154,4236,0,156
632988.897,af26,-773,267,4278,0,157
632996.86,af26,-674,153,4245,0,158
633004.833,af26,-589,-40,4360,0,159
633012.801,af26,-405,114,4126,0,160
633020.776,af26,-472,175,4087,0,161
633028.741,af26,-578,140,4139,0,162
633036.717,af26,-592,56,4259,0,163
633044.679,af26,-525,162,4221,0,164
633052.653,af26,-543,213,4225,0,165
633060.628,af26,-603,355,4217,0,166
633068.595,af26,-681,-22,4263,0,167
633076.564,af26,-577,223,4172,0,168
633084.533,af26,-531,-33,4158,0,169
633092.502,af26,-575,246,4227,0,170
633100.471,af26,-527,-41,4143,0,171
633108.438,af26,-512,134,4168,0,172
633116.409,af26,-593,97,4249,0,173
633124.38,af26,-626,91,4242,0,174
633132.349,af26,-656,49,4297,0,175
633140.321,af26,-663,78,4314,0,176
633148.305,af26,-602,49,4238,0,177
633156.273,af26,-558,130,4096,0,178
633164.243,af26,-534,221,4074,0,179
633172.218,af26,-500,299,4093,0,180
633180.183,af26,-510,276,4106,0,181
633188.148,af26,-572,197,4203,0,182
633196.115,af26,-618,87,4294,0,183
633204.085,af26,-679,33,4261,0,184
633212.063,af26,-593,21,4223,0,185
633220.033,af26,-671,230,4193,0,186
633227.998,af26,-646,250,4221,0,187
633235.963,af26,-498,315,4367,0,188
633243.93,af26,-535,259,4188,0,189
633251.898,af26,-492,125,4284,0,190
633259.873,af26,-444,175,4168,0,191
633267.853,af26,-582,186,4111,0,192
633275.819,af26,-804,213,4103,0,193
633283.807,af26,-624,117,4255,0,194
633291.773,af26,-862,136,4209,0,195
633299.741,af26,-583,270,4317,0,196
633307.712,af26,-504,76,4280,0,197
633315.68,af26,-516,229,4410,0,198
633323.661,af26,-665,422,4122,0,199
633331.631,af26,-546,47,4198,0,200
633339.608,af26,-581,305,4237,0,201
633347.577,af26,-481,104,4172,0,202
633355.557,af26,-790,226,4258,0,203
633363.525,af26,-658,3,4089,0,204
633371.493,af26,-540,185,4168,0,205
633379.464,af26,-418,200,4360,0,206
633387.433,af26,-514,203,4104,0,207
633395.409,af26,-595,204,4222,0,208
633403.388,af26,-535,154,4185,0,209
633411.365,af26,-616,383,4222,0,210
633419.334,af26,-503,145,4362,0,211
633427.312,af26,-537,-15,4350,0,212
633435.278,af26,-381,208,4483,0,213
633443.251,af26,-666,246,4274,0,214
633451.212,af26,-251,94,4302,0,215
633459.173,af26,-528,173,4355,0,216
633467.147,af26,-972,256,3959,0,217
633475.119,af26,-532,89,4236,0,218
633483.111,af26,-596,215,4206,0,219
633491.088,af26,-489,239,4138,0,220
633499.056,af26,-268,58,4357,0,221
633507.03,af26,-511,257,4123,0,222
633514.998,af26,-601,52,4002,0,223
633522.973,af26,-502,40,4162,0,224
633530.948,af26,-340,351,4075,0,225
633538.918,af26,-523,222,4203,0,226
633546.885,af26,-542,80,4330,0,227
633554.862,af26,-595,465,4317,0,228
633562.836,af26,-400,123,4302,0,229
633570.821,af26,-456,285,4255,0,230
633578.792,af26,-848,578,4214,0,231
633586.768,af26,-693,172,4122,0,232
633594.743,af26,-515,23,4129,0,233
633602.721,af26,-673,61,4038,0,234
633610.712,af26,-308,-211,4065,0,235
633618.7,af26,-605,142,4036,0,236
633626.672,af26,-734,35,4057,0,237
633634.652,af26,-521,15,4282,0,238
633642.628,af26,-782,420,4122,0,239
633650.618,af26,-657,163,4373,0,240
633658.588,af26,-239,260,4381,0,241
633666.562,af26,-576,172,3907,0,242
633674.535,af26,-292,-167,4335,0,243
633682.513,af26,-649,-238,3832,0,244
633690.488,af26,-598,119,4241,0,245
633698.475,af26,-856,6,3767,0,246
633706.458,af26,-523,220,4309,0,247
633714.44,af26,-571,161,4241,0,248
633722.415,af26,-499,191,4173,0,249
633730.394,af26,-419,108,4165,0,250
633738.377,af26,-581,-97,3884,0,251
633746.353,af26,-536,-286,4082,0,252
633754.33,af26,-538,-241,4104,0,253
633762.314,af26,-545,-182,4110,0,254
633770.305,af26,-696,-295,4324,0,255
633778.283,af26,-663,-261,4151,0,0
633786.259,af26,-409,307,4127,0,1
633794.243,af26,-434,451,4368,0,2
633802.221,af26,-435,620,4356,0,3
633810.202,af26,-624,499,4356,0,4
633818.178,af26,-728,230,4382,0,5
633826.154,af26,-534,317,4326,0,6
633834.128,af26,-460,183,4165,0,7
633842.115,af26,-428,-154,3986,0,8
633850.108,af26,-282,123,4024,0,9
633858.092,af26,-329,23,4064,0,10
633866.076,af26,-549,7,4214,0,11
633874.054,af26,-579,104,4433,0,12
633882.033,af26,-620,126,4436,0,13
633890.017,af26,-1373,378,4321,0,14
633898.002,af26,-695,707,4136,0,15
633905.987,af26,-579,467,4232,0,16
633913.965,af26,-496,79,4094,0,17
633921.953,af26,-450,137,4030,0,18
633929.935,af26,-478,232,4179,0,19
633937.91,af26,-418,387,4183,0,20
633945.881,af26,-331,297,4111,0,21
633953.863,af26,-319,304,4074,0,22
633961.842,af26,-416,446,4200,0,23
633969.833,af26,-388,391,4253,0,24
633977.818,af26,-463,184,4177,0,25
633985.796,af26,-423,-20,4193,0,26
633993.774,af26,-360,11,4231,0,27
634001.748,af26,-542,4,4118,0,28
634009.73,af26,-627,-86,4166,0,29
634017.705,af26,-858,90,4184,0,30
634025.686,af26,-720,63,4439,0,31
634033.661,af26,-654,103,4350,0,32
634041.643,af26,-534,190,4414,0,33
634049.625,af26,-550,-147,4113,0,34
634057.597,af26,-603,230,4154,0,35
634065.581,af26,-352,139,4251,0,36
634073.553,af26,-545,85,4140,0,37
634081.533,af26,-530,110,4106,0,38
634089.508,af26,-681,121,4236,0,39
634097.493,af26,-298,143,4233,0,40
634105.47,af26,-571,304,4120,0,41
634113.442,af26,-553,-58,4266,0,42
634121.423,af26,-956,27,4023,0,43
634129.403,af26,-762,178,4319,0,44
634137.381,af26,-770,149,4206,0,45
634145.36,af26,-997,294,4197,0,46
634153.334,af26,-633,345,4091,0,47
634161.308,af26,-465,159,4297,0,48
634169.288,af26,-557,-136,4367,0,49
634177.265,af26,-687,585,4108,0,50
634185.245,af26,-465,-57,4306,0,51
634193.225,af26,-775,-34,4287,0,52
634201.201,af26,-619,145,4005,0,53
634209.172,af26,-826,80,4224,0,54
634217.143,af26,-537,671,4489,0,55
634225.116,af26,-610,-301,4176,0,56
634233.099,af26,-572,125,4219,0,57
634241.08,af26,-589,550,4090,0,58
634249.052,af26,-138,-177,4306,0,59
634257.02,af26,-780,300,4230,0,60
634264.999,af26,-478,433,4216,0,61
634272.982,af26,-778,-359,4313,0,62
634280.957,af26,-578,270,4362,0,63
634288.954,af26,-564,257,4157,0,64
634296.932,af26,-468,-295,3962,0,65
634304.903,af26,-529,281,4031,0,66
634312.88,af26,-599,-159,4199,0,67
634320.852,af26,-463,176,4379,0,68
634328.826,af26,-590,422,4255,0,69
634336.799,af26,-828,-33,4275,0,70
634344.784,af26,-697,155,4222,0,71
634352.765,af26,-826,141,4006,0,72
634360.756,af26,-590,-111,4028,0,73
634368.725,af26,-620,386,4289,0,74
634376.694,af26,-276,-111,4305,0,75
634384.673,af26,-338,99,4615,0,76
634392.648,af26,-704,202,4073,0,77
634400.627,af26,-313,-238,4091,0,78
634408.598,af26,-576,166,4164,0,79
634416.569,af26,-674,-15,4146,0,80
634424.548,af26,-327,-22,4420,0,81
634432.531,af26,-482,243,4198,0,82
634440.503,af26,-652,-82,4142,0,83
634448.488,af26,-715,108,4364,0,84
634456.46,af26,-816,250,4046,0,85
634464.434,af26,-1124,87,4027,0,86
634472.418,af26,-810,229,4092,0,87
634480.399,af26,-1048,104,4170,0,88
634488.378,af26,-304,551,4156,0,89
634496.361,af26,-615,-62,3900,0,90
634504.338,af26,-843,-208,3953,0,91
634512.309,af26,-600,129,3930,0,92
634520.288,af26,-517,-443,4248,0,93
634528.257,af26,-127,339,4320,0,94
634536.228,af26,-585,-244,4357,0,95
634544.204,af26,-441,-38,4560,0,96
634552.179,af26,-609,522,4216,0,97
634560.168,af26,-582,-403,3993,0,98
634568.153,af26,-822,288,4159,0,99
634576.141,af26,-856,337,4312,0,100
634584.144,af26,-658,-291,4068,0,101
634592.128,af26,-617,273,4472,0,102
634600.113,af26,-934,-278,4267,0,103
634608.098,af26,-637,19,4299,0,104
634616.078,af26,-663,202,4324,0,105
634624.076,af26,-722,14,3892,0,106
634632.076,af26,-1102,-291,4163,0,107
634640.061,af26,-459,111,4119,0,108
634648.055,af26,-460,128,4014,0,109
634656.049,af26,-187,293,3929,0,110
634664.038,af26,-668,-159,4102,0,111
634672.03,af26,-304,85,4607,0,112
634680.017,af26,-654,-342,4342,0,113
634687.997,af26,-809,-544,4248,0,114
634695.977,af26,-959,133,4071,0,115
634703.962,af26,-685,91,4100,0,116
634711.948,af26,-660,157,4035,0,117
634719.93,af26,-319,56,4268,0,118
634727.913,af26,-598,71,4107,0,119
634735.901,af26,-926,213,4024,0,120
634743.886,af26,-689,155,4171,0,121
634751.877,af26,-619,123,4117,0,122
634759.877,af26,-569,124,4147,0,123
634767.868,af26,-644,174,4037,0,124
634775.855,af26,-582,365,4221,0,125
634783.85,af26,-599,206,4164,0,126
634791.832,af26,-600,215,4275,0,127
634799.817,af26,-820,452,3979,0,128
634807.802,af26,-913,-16,4271,0,129
634815.784,af26,-675,285,4219,0,130
634823.773,af26,-591,73,4177,0,131
634831.753,af26,-504,-122,4135,0,132
634839.735,af26,-437,-54,4219,0,133
634847.719,af26,-678,482,4330,0,134
634855.703,af26,-754,-255,4156,0,135
634863.683,af26,-567,-466,4090,0,136
634871.658,af26,-596,-231,4338,0,137
634879.641,af26,-467,-363,4055,0,138
634887.628,af26,-599,153,3941,0,139
634895.608,af26,-490,-37,4432,0,140
634903.583,af26,-549,198,4164,0,141
634911.573,af26,-518,-133,4202,0,142
634919.552,af26,-604,-142,4398,0,143
634927.531,af26,-522,-129,4102,0,144
634935.525,af26,-653,314,4062,0,145
634943.514,af26,-537,104,4121,0,146
634951.492,af26,-580,37,4194,0,147
634959.474,af26,-577,51,4280,0,148
634967.453,af26,-635,7,4214,0,149
634975.438,af26,-581,-20,4133,0,150
634983.419,af26,-612,60,4212,0,151
634991.403,af26,-599,42,4183,0,152
634999.378,af26,-461,205,4022,0,153
635007.358,af26,-335,73,4184,0,154
635015.347,af26,-662,207,4062,0,155
635023.334,af26,-718,137,4064,0,156
635031.324,af26,-635,277,4214,0,157
635039.314,af26,-728,154,4177,0,158
635047.292,af26,-623,31,4237,0,159
635055.268,af26,-695,58,4138,0,160
635063.248,af26,-854,162,4102,0,161
635071.226,af26,-592,169,4265,0,162
635079.203,af26,-833,230,3941,0,163
635087.197,af26,-637,80,4231,0,164
635095.18,af26,-736,269,4097,0,165
635103.161,af26,-708,160,4208,0,166
635111.147,af26,-857,-68,4222,0,167
635119.131,af26,-600,-204,4032,0,168
635127.116,af26,-591,52,4318,0,169
635135.091,af26,-615,-75,4311,0,170
635143.081,af26,-585,53,4534,0,171
635151.064,af26,-812,139,4055,0,172
635159.05,af26,-875,86,4102,0,173
635167.024,af26,-978,143,4233,0,174
635175.013,af26,-565,215,4130,0,175
635182.985,af26,-806,-146,4052,0,176
635190.962,af26,-607,229,4674,0,177
635198.938,af26,-832,273,4239,0,178
635206.917,af26,-613,-48,4184,0,179
635214.888,af26,-433,-196,4136,0,180
635222.863,af26,-690,81,4009,0,181
635230.846,af26,-456,53,4197,0,182
635238.823,af26,-822,-192,4139,0,183
635246.809,af26,-1035,144,3907,0,184
635254.785,af26,-631,-85,4493,0,185
635262.771,af26,-877,31,4167,0,186
635270.755,af26,-1047,226,4357,0,187
635278.737,af26,-589,31,4196,0,188
635286.725,af26,-685,-71,3810,0,189
635294.709,af26,-631,-24,4081,0,190
635302.698,af26,-699,-103,4143,0,191
635310.679,af26,-570,252,4180,0,192
635318.655,af26,-481,-243,4501,0,193
635326.639,af26,-657,-247,4073,0,194
635334.618,af26,-878,319,4062,0,195
635342.604,af26,-667,-2,4164,0,196
635350.583,af26,-652,133,4592,0,197
635358.562,af26,-564,188,4112,0,198
635366.547,af26,-560,111,4296,0,199
635374.534,af26,-1072,297,4393,0,200
635382.516,af26,-714,202,4312,0,201
635390.503,af26,-546,-233,4259,0,202
635398.483,af26,-924,383,3990,0,203
635406.474,af26,-451,383,4217,0,204
635414.468,af26,-691,559,4275,0,205
635422.457,af26,-778,-130,3680,0,206
635430.436,af26,-327,-360,4455,0,207
635438.428,af26,-749,-55,4218,0,208
635446.424,af26,-427,217,4478,0,209
635454.411,af26,-540,167,4086,0,210
635462.401,af26,-738,175,4000,0,211
635470.38,af26,-176,-66,4243,0,212
635478.365,af26,-672,91,4257,0,213
635486.343,af26,-612,565,4077,0,214
635494.328,af26,-518,150,4379,0,215
635502.31,af26,-353,300,4341,0,216
635510.29,af26,-688,470,4224,0,217
635518.27,af26,-424,371,4542,0,218
635526.255,af26,-531,26,4359,0,219
635534.236,af26,-600,-61,3973,0,220
635542.219,af26,-552,172,4070,0,221
635550.204,af26,-1033,128,4110,0,222
635558.182,af26,-702,-24,4012,0,223
635566.16,af26,-716,-33,4041,0,224
635574.14,af26,-626,263,4324,0,225
635582.122,af26,-968,230,4012,0,226
635590.108,af26,-528,157,4422,0,227
635598.086,af26,-305,-140,4378,0,228
635606.066,af26,-503,28,4297,0,229
635614.045,af26,-624,159,4130,0,230
635622.028,af26,-294,54,4182,0,231
635630.009,af26,-463,55,4122,0,232
635637.988,af26,-500,101,4107,0,233
635645.966,af26,-435,64,4146,0,234
635653.953,af26,-513,-24,4076,0,235
635661.935,af26,-558,-91,4195,0,236
635669.919,af26,-568,-158,4297,0,237
635677.912,af26,-682,-355,4030,0,238
635685.897,af26,-652,15,4336,0,239
635693.875,af26,-659,249,4326,0,240
635701.858,af26,-594,324,4301,0,241
635709.847,af26,-713,281,4267,0,242
635717.828,af26,-675,176,4320,0,243
635725.816,af26,-509,121,4210,0,244
635733.798,af26,-431,186,4071,0,245
635741.772,af26,-463,91,4053,0,246
635749.75,af26,-382,-148,4080,0,247
635757.722,af26,-515,59,4155,0,248
635765.713,af26,-178,195,4150,0,249
635773.693,af26,-612,-219,4247,0,250
635781.67,af26,-448,128,4246,0,251
635789.643,af26,-533,-170,4240,0,252
635797.623,af26,-517,3,4289,0,253
635805.602,af26,-299,23,4084,0,254
635813.58,af26,-234,387,4319,0,255
635821.571,af26,-885,328,4184,0,0
635829.548,af26,-430,171,4201,0,1
635837.53,af26,-430,99,4240,0,2
635845.508,af26,-335,341,4187,0,3
635853.493,af26,-377,261,3947,0,4
635861.478,af26,-297,310,4013,0,5
635869.454,af26,-400,342,4087,0,6
635877.438,af26,-430,331,4187,0,7
635885.428,af26,-407,170,4274,0,8
635893.423,af26,-428,181,4193,0,9
635901.409,af26,-598,188,4067,0,10
635909.385,af26,-681,66,4151,0,11
635917.378,af26,-641,233,4115,0,12
635925.362,af26,-532,43,4247,0,13
635933.343,af26,-622,58,4307,0,14
635941.333,af26,-575,-272,4261,0,15
635949.328,af26,-628,56,4282,0,16
635957.312,af26,-824,277,4364,0,17
635965.293,af26,-771,380,4282,0,18
635973.275,af26,-796,-5,4266,0,19
635981.266,af26,-491,-279,4313,0,20
635989.242,af26,-577,-205,4039,0,21
635997.216,af26,-522,209,4026,0,22
636005.195,af26,-475,286,4136,0,23
636013.181,af26,-402,171,4074,0,24
636021.173,af26,-498,218,4284,0,25
636029.157,af26,-512,233,4108,0,26
636037.143,af26,-685,310,4202,0,27
636045.121,af26,-331,216,4103,0,28
636053.097,af26,-642,507,4134,0,29
636061.078,af26,-651,299,4144,0,30
636069.064,af26,-551,-269,4048,0,31
636077.047,af26,-805,-132,4221,0,32
636085.038,af26,-420,138,4192,0,33
636093.023,af26,-565,422,3941,0,34
636101.002,af26,-351,369,4146,0,35
636108.986,af26,-531,391,4188,0,36
636116.964,af26,-1038,-315,4152,0,37
636124.955,af26,-838,-231,4340,0,38
636132.93,af26,-679,-361,4320,0,39
636140.905,af26,-958,-316,4165,0,40
636148.883,af26,-765,-443,4063,0,41
636156.861,af26,-625,-146,4194,0,42
636164.838,af26,-656,-212,4322,0,43
636172.815,af26,-678,-327,4257,0,44
636180.798,af26,-659,-184,4327,0,45
636188.791,af26,-1071,40,4405,0,46
636196.768,af26,-812,-195,4397,0,47
636204.758,af26,-770,-86,4400,0,48
636212.743,af26,-772,-185,4051,0,49
636220.717,af26,-544,146,4064,0,50
636228.708,af26,-299,614,4054,0,51
636236.702,af26,-615,465,4039,0,52
636244.688,af26,-435,-411,4070,0,53
636252.676,af26,-914,-153,4249,0,54
636260.662,af26,-605,600,4190,0,55
636268.654,af26,-756,35,4055,0,56
636276.645,af26,-739,-147,4304,0,57
636284.63,af26,-642,-14,4332,0,58
636292.61,af26,-651,221,4096,0,59
636300.594,af26,-838,-469,3987,0,60
636308.578,af26,-624,-416,3979,0,61
636316.564,af26,-698,-21,4255,0,62
636324.555,af26,-931,612,4186,0,63
636332.543,af26,-516,139,4097,0,64
636340.538,af26,-694,-280,4225,0,65
636348.522,af26,-187,-66,4471,0,66
636356.503,af26,-325,611,4305,0,67
636364.488,af26,-673,125,4149,0,68
636372.47,af26,-563,-324,4253,0,69
636380.454,af26,-665,-119,4062,0,70
636388.444,af26,-313,235,4138,0,71
636396.428,af26,-639,324,4011,0,72
636404.418,af26,-527,144,4074,0,73
636412.413,af26,-804,-217,4244,0,74
636420.418,af26,-831,-101,4347,0,75
636428.413,af26,-713,363,4383,0,76
636436.403,af26,-550,195,4106,0,77
636444.386,af26,-649,-132,4136,0,78
636452.375,af26,-756,-55,4184,0,79
636460.368,af26,-876,-340,4206,0,80
636468.356,af26,-172,191,4184,0,81
636476.338,af26,-470,501,3951,0,82
636484.334,af26,-514,194,4442,0,83
636492.32,af26,-734,77,4127,0,84
636500.302,af26,-593,107,4276,0,85
636508.291,af26,-577,187,4202,0,86
636516.278,af26,-633,218,4211,0,87
636524.266,af26,-482,-16,4184,0,88
636532.25,af26,-491,-14,4269,0,89
636540.234,af26,-443,-309,4236,0,90
636548.216,af26,-687,-361,4114,0,91
636556.207,af26,-808,159,4014,0,92
636564.201,af26,-636,425,4188,0,93
636572.195,af26,-502,-80,4307,0,94
636580.188,af26,-580,7,4153,0,95
636588.175,af26,-458,267,4125,0,96
636596.159,af26,-613,-116,4306,0,97
636604.148,af26,-846,130,4250,0,98
636612.134,af26,-686,-53,4093,0,99
636620.129,af26,-509,-46,4251,0,100
636628.123,af26,-599,-148,4209,0,101
636636.123,af26,-610,91,4217,0,102
636644.108,af26,-586,130,4224,0,103
636652.092,af26,-547,-28,4220,0,104
636660.084,af26,-634,168,4110,0,105
636668.076,af26,-550,75,4195,0,106
636676.073,af26,-618,39,4144,0,107
636684.06,af26,-532,180,4142,0,108
636692.048,af26,-610,49,4277,0,109
636700.033,af26,-657,140,4252,0,110
636708.028,af26,-578,137,4179,0,111
636716.018,af26,-549,111,4220,0,112
636724.012,af26,-498,88,4132,0,113
636731.998,af26,-627,71,4094,0,114
636739.984,af26,-612,79,4103,0,115
636747.964,af26,-641,4,4164,0,116
636755.949,af26,-571,86,4102,0,117
636763.937,af26,-518,87,4221,0,118
636771.926,af26,-486,228,4181,0,119
636779.92,af26,-530,135,4316,0,120
636787.908,af26,-631,-6,4401,0,121
636795.902,af26,-535,89,4255,0,122
636803.892,af26,-531,45,4323,0,123
636811.887,af26,-547,526,3539,0,124
636819.871,af26,-91,349,3756,0,125
636827.858,af26,-405,-613,3954,0,126
636835.844,af26,-473,-242,4097,0,127
636843.827,af26,-783,-201,4463,0,128
636851.816,af26,-790,-486,4604,0,129
636859.808,af26,-729,-389,4223,0,130
636867.797,af26,-728,-279,4498,0,131
636875.777,af26,-472,-157,4151,0,132
636883.757,af26,-301,160,3922,0,133
636891.743,af26,-548,305,4310,0,134
636899.728,af26,-576,250,4256,0,135
636907.708,af26,-786,11,4252,0,136
636915.69,af26,-828,-97,4373,0,137
636923.685,af26,-564,-298,4138,0,138
636931.688,af26,-418,-367,3995,0,139
636939.678,af26,-408,5,4032,0,140
636947.682,af26,-501,-11,4029,0,141
636955.672,af26,-457,-85,4069,0,142
636963.671,af26,-605,168,4141,0,143
636971.66,af26,-564,306,4151,0,144
636979.639,af26,-665,305,4290,0,145
636987.624,af26,-611,273,4190,0,146
636995.598,af26,-580,197,4088,0,147
637003.589,af26,-510,103,4164,0,148
637011.578,af26,-428,114,4253,0,149
637019.567,af26,-512,-107,4163,0,150
637027.559,af26,-424,-219,4291,0,151
637035.543,af26,-484,-180,4259,0,152
637043.53,af26,-695,-240,4229,0,153
637051.521,af26,-612,50,4280,0,154
637059.516,af26,-670,59,4260,0,155
637067.497,af26,-703,156,4236,0,156
637075.478,af26,-470,-55,4285,0,157
637083.473,af26,-646,226,4168,0,158
637091.462,af26,-727,68,4184,0,159
637099.454,af26,-484,-40,4262,0,160
637107.446,af26,-540,-119,4191,0,161
637115.429,af26,-678,-39,4122,0,162
637123.413,af26,-854,348,4106,0,163
637131.39,af26,-750,381,4122,0,164
637139.366,af26,-461,282,4284,0,165
637147.349,af26,-619,198,4299,0,166
637155.33,af26,-668,89,4078,0,167
637163.314,af26,-451,305,4046,0,168
637171.294,af26,-591,121,4302,0,169
637179.284,af26,-448,195,4127,0,170
637187.265,af26,-703,162,4080,0,171
637195.254,af26,-797,66,4046,0,172
637203.249,af26,-526,-213,4461,0,173
637211.241,af26,-660,-24,4169,0,174
637219.225,af26,-566,65,4276,0,175
637227.208,af26,-594,159,4134,0,176
637235.197,af26,-685,99,4246,0,177
637243.183,af26,-590,-242,4129,0,178
637251.165,af26,-811,279,4143,0,179
637259.152,af26,-649,474,4152,0,180
637267.143,af26,-623,-33,4226,0,181
637275.124,af26,-555,190,4269,0,182
637283.107,af26,-543,125,4189,0,183
637291.087,af26,-562,138,4308,0,184
637299.081,af26,-355,79,4373,0,185
637307.068,af26,-554,325,4300,0,186
637315.07,af26,-482,215,4297,0,187
637323.058,af26,-664,366,4014,0,188
637331.046,af26,-653,226,4468,0,189
637339.036,af26,-531,-3,3875,0,190
637347.025,af26,-643,139,4180,0,191
637355.023,af26,-788,79,4283,0,192
637363.01,af26,-548,272,4128,0,193
637371.013,af26,-384,-257,4195,0,194
637379.004,af26,-288,9,4184,0,195
637386.993,af26,-405,337,4183,0,196
637394.983,af26,-709,251,4065,0,197
637402.98,af26,-53,-208,4451,0,198
637410.975,af26,-708,-160,4253,0,199
637418.948,af26,-730,257,4305,0,200
637426.928,af26,-673,318,4160,0,201
637434.908,af26,-38,-201,4451,0,202
637442.893,af26,-556,88,4085,0,203
637450.877,af26,-631,4,4035,0,204
637458.853,af26,-582,-113,4199,0,205
637466.835,af26,-808,459,4105,0,206
637474.823,af26,-622,208,4129,0,207
637482.803,af26,-673,88,4293,0,208
637490.786,af26,-568,-230,3950,0,209
637498.77,af26,-664,161,4004,0,210
637506.753,af26,-651,96,4224,0,211
637514.746,af26,-1024,457,3848,0,212
637522.723,af26,-817,395,4313,0,213
637530.697,af26,-405,1,4203,0,214
637538.677,af26,-130,-33,4874,0,215
637546.673,af26,-771,274,4212,0,216
637554.658,af26,-48,89,4668,0,217
637562.639,af26,-820,302,4342,0,218
637570.618,af26,-546,-133,3974,0,219
637578.604,af26,-341,-34,4220,0,220
637586.588,af26,-741,164,4145,0,221
637594.582,af26,-472,243,4102,0,222
637602.568,af26,-645,481,4112,0,223
637610.543,af26,-485,23,4158,0,224
637618.525,af26,-409,-80,4211,0,225
637626.498,af26,-464,-306,3958,0,226
637634.478,af26,-469,-356,4059,0,227
637642.457,af26,-577,-513,3954,0,228
637650.443,af26,-631,-251,3922,0,229
637658.423,af26,-668,-227,4216,0,230
637666.413,af26,-696,-35,4218,0,231
637674.413,af26,-1107,131,4414,0,232
637682.394,af26,-692,332,4327,0,233
637690.376,af26,-689,203,4467,0,234
637698.353,af26,-687,120,4392,0,235
637706.328,af26,-764,-4,3998,0,236
637714.313,af26,-358,975,4169,0,237
637722.298,af26,-853,-284,4313,0,238
637730.276,af26,-393,292,4245,0,239
637738.255,af26,-588,27,4233,0,240
637746.235,af26,-370,228,4260,0,241
637754.216,af26,-514,79,3959,0,242
637762.198,af26,-354,322,4100,0,243
637770.179,af26,-433,110,4120,0,244
637778.154,af26,-363,295,4143,0,245
637786.138,af26,-535,375,4238,0,246
637794.115,af26,-502,497,4285,0,247
637802.088,af26,-415,388,4130,0,248
637810.083,af26,-420,267,4137,0,249
637818.056,af26,-439,153,4148,0,250
637826.034,af26,-450,182,4170,0,251
637834.007,af26,-513,33,4208,0,252
637841.978,af26,-530,273,4317,0,253
637849.958,af26,-574,-92,4331,0,254
637857.938,af26,-582,-23,4259,0,255
637865.935,af26,-531,-30,4232,0,0
637873.914,af26,-464,11,4249,0,1
637881.896,af26,-360,-84,4215,0,2
637889.893,af26,-547,120,4019,0,3
637897.871,af26,-755,141,4069,0,4
637905.854,af26,-647,325,4293,0,5
637913.846,af26,-545,-30,4247,0,6
637921.828,af26,-381,167,4170,0,7
637929.807,af26,-651,149,4130,0,8
637937.798,af26,-357,154,4233,0,9
637945.785,af26,-663,-150,4194,0,10
637953.783,af26,-400,-37,4266,0,11
637961.767,af26,-421,411,4275,0,12
637969.751,af26,-229,491,4139,0,13
637977.732,af26,-236,467,4222,0,14
637985.713,af26,-285,172,4296,0,15
637993.703,af26,-402,79,4114,0,16
638001.696,af26,-106,-140,4440,0,17
638009.682,af26,-544,-15,4266,0,18
638017.669,af26,-982,155,3939,0,19
638025.663,af26,-682,246,4106,0,20
638033.651,af26,-512,283,4165,0,21
638041.63,af26,-503,193,4196,0,22
638049.608,af26,-221,-187,4214,0,23
638057.602,af26,-551,370,4055,0,24
638065.583,af26,-704,236,3916,0,25
638073.558,af26,-927,28,3951,0,26
638081.541,af26,-565,15,4250,0,27
638089.522,af26,-385,-63,4458,0,28
638097.501,af26,-636,235,4294,0,29
638105.478,af26,-750,303,4182,0,30
638113.444,af26,-638,-216,4203,0,31
638121.427,af26,-450,475,4283,0,32
638129.411,af26,-810,-147,3901,0,33
638137.391,af26,-664,262,4011,0,34
638145.369,af26,-652,192,4140,0,35
638153.353,af26,-812,117,4227,0,36
638161.343,af26,-835,208,4247,0,37
638169.328,af26,-715,-114,4389,0,38
638177.32,af26,-720,273,4251,0,39
638185.298,af26,-842,92,4040,0,40
638193.271,af26,-723,-14,4002,0,41
638201.254,af26,-260,-64,4336,0,42
638209.235,af26,-566,-187,4497,0,43
638217.212,af26,-320,391,4136,0,44
638225.187,af26,-576,-86,4154,0,45
638233.165,af26,-636,-49,4344,0,46
638241.143,af26,-431,340,4180,0,47
638249.122,af26,-818,-155,4059,0,48
638257.093,af26,-873,221,4196,0,49
638265.078,af26,-830,164,4248,0,50
638273.053,af26,-557,-137,4186,0,51
638281.034,af26,-184,399,4191,0,52
638289.008,af26,-719,-136,4066,0,53
638296.985,af26,-821,-126,4354,0,54
638304.965,af26,-608,261,4411,0,55
638312.948,af26,-662,-314,4253,0,56
638320.925,af26,-630,77,4548,0,57
638328.91,af26,-242,393,4016,0,58
638336.894,af26,-1029,-421,3986,0,59
638344.87,af26,-323,-81,4341,0,60
638352.843,af26,-205,476,3963,0,61
638360.834,af26,-817,105,4054,0,62
638368.835,af26,-779,-257,4354,0,63
638376.818,af26,-971,134,4173,0,64
638384.808,af26,-797,-101,4135,0,65
638392.795,af26,-854,-142,4354,0,66
638400.783,af26,-679,-85,3965,0,67
638408.773,af26,-358,535,4174,0,68
638416.758,af26,-834,53,3973,0,69
638424.749,af26,-408,-402,3938,0,70
638432.743,af26,-849,12,4318,0,71
638440.738,af26,-590,-52,4426,0,72
638448.732,af26,-142,-113,4394,0,73
638456.712,af26,-522,59,4393,0,74
638464.7,af26,-438,76,4310,0,75
638472.692,af26,-368,101,4157,0,76
638480.679,af26,-282,5,4410,0,77
638488.663,af26,-493,299,4025,0,78
638496.646,af26,-503,235,4451,0,79
638504.622,af26,-513,-236,4313,0,80
638512.602,af26,-706,32,4315,0,81
638520.578,af26,-798,-45,4259,0,82
638528.556,af26,-805,48,4220,0,83
638536.543,af26,-626,229,4066,0,84
638544.539,af26,-670,143,4064,0,85
638552.521,af26,-514,22,4203,0,86
638560.497,af26,-634,213,4205,0,87
638568.484,af26,-642,139,4101,0,88
638576.47,af26,-642,404,4161,0,89
638584.446,af26,-559,132,4235,0,90
638592.432,af26,-578,196,4156,0,91
638600.411,af26,-646,249,4144,0,92
638608.383,af26,-601,214,4284,0,93
638616.368,af26,-616,187,4152,0,94
638624.353,af26,-559,79,4219,0,95
638632.334,af26,-499,88,4158,0,96
638640.324,af26,-480,-54,4234,0,97
638648.303,af26,-622,151,4295,0,98
638656.292,af26,-540,49,4316,0,99
638664.273,af26,-520,222,3858,0,100
638672.262,af26,-426,-225,4096,0,101
638680.253,af26,-503,-380,4210,0,102
638688.232,af26,-567,-248,3975,0,103
638696.214,af26,-596,-233,4150,0,104
638704.196,af26,-719,27,4622,0,105
638712.184,af26,-645,15,4332,0,106
638720.163,af26,-731,-8,4315,0,107
638728.141,af26,-517,-418,4172,0,108
638736.124,af26,-417,-274,3916,0,109
638744.112,af26,-404,-255,4053,0,110
638752.096,af26,-500,138,4103,0,111
638760.079,af26,-682,229,4322,0,112
638768.06,af26,-748,203,4366,0,113
638776.058,af26,-705,-45,4372,0,114
638784.045,af26,-608,-76,4241,0,115
638792.034,af26,-499,203,4109,0,116
638800.025,af26,-453,310,3876,0,117
638808.001,af26,-412,158,3984,0,118
638815.982,af26,-452,181,4147,0,119
638823.968,af26,-679,9,4217,0,120
638831.952,af26,-640,-162,4350,0,121
638839.932,af26,-697,-7,4293,0,122
638847.918,af26,-544,17,4216,0,123
638855.903,af26,-522,7,4253,0,124
638863.888,af26,-650,114,4126,0,125
638871.879,af26,-725,234,4162,0,126
638879.857,af26,-733,475,4241,0,127
638887.847,af26,-609,267,4228,0,128
638895.833,af26,-634,41,4073,0,129
638903.821,af26,-403,-184,4142,0,130
638911.807,af26,-650,3,4033,0,131
638919.793,af26,-798,-11,3952,0,132
638927.77,af26,-841,137,4171,0,133
638935.746,af26,-815,39,4437,0,134
638943.725,af26,-399,124,4359,0,135
638951.714,af26,-492,300,4299,0,136
638959.714,af26,-444,53,4115,0,137
638967.712,af26,-705,276,4134,0,138
638975.698,af26,-460,367,4099,0,139
638983.703,af26,-522,2,4039,0,140
638991.701,af26,-457,162,4299,0,141
638999.684,af26,-343,15,4355,0,142
639007.674,af26,-535,-69,4319,0,143
639015.668,af26,-540,-118,4225,0,144
639023.668,af26,-499,156,4279,0,145
639031.645,af26,-792,284,4140,0,146
639039.634,af26,-512,187,4270,0,147
639047.618,af26,-667,284,4170,0,148
639055.604,af26,-786,-39,3954,0,149
639063.589,af26,-769,-3,3877,0,150
639071.563,af26,-747,33,4121,0,151
639079.55,af26,-792,233,4236,0,152
639087.539,af26,-689,-56,4080,0,153
639095.525,af26,-1066,55,4288,0,154
639103.523,af26,-718,-84,4212,0,155
639111.511,af26,-808,565,4082,0,156
639119.49,af26,-845,318,4182,0,157
639127.471,af26,-625,146,4115,0,158
639135.457,af26,-286,-39,4394,0,159
639143.446,af26,-307,49,4396,0,160
639151.435,af26,-485,-25,4032,0,161
639159.42,af26,-937,-48,3967,0,162
639167.405,af26,-722,72,4186,0,163
639175.392,af26,-413,-264,4219,0,164
639183.372,af26,-1173,315,3762,0,165
639191.36,af26,-877,121,3840,0,166
639199.348,af26,-730,89,4088,0,167
639207.322,af26,-596,391,4332,0,168
639215.3,af26,-705,323,4582,0,169
639223.282,af26,-990,80,4399,0,170
639231.263,af26,-907,103,4055,0,171
639239.253,af26,-603,-42,4228,0,172
639247.244,af26,-650,160,4206,0,173
639255.227,af26,-266,159,4657,0,174
639263.209,af26,-267,524,4341,0,175
639271.181,af26,-561,148,4097,0,176
639279.16,af26,-1152,455,4199,0,177
639287.143,af26,-944,710,3966,0,178
639295.123,af26,-539,-92,3806,0,179
639303.098,af26,-572,334,4322,0,180
639311.08,af26,-1099,62,3770,0,181
639319.066,af26,-283,19,4379,0,182
639327.045,af26,-703,177,4176,0,183
639335.033,af26,-768,639,4363,0,184
639343.022,af26,-749,218,4206,0,185
639351.011,af26,-928,209,4249,0,186
639359.008,af26,-383,127,4172,0,187
639366.985,af26,-420,-136,4430,0,188
639374.963,af26,-805,151,3834,0,189
639382.942,af26,-568,119,3883,0,190
639390.927,af26,-449,76,4046,0,191
639398.903,af26,-427,104,4146,0,192
639406.882,af26,-809,592,4194,0,193
639414.867,af26,-570,155,4315,0,194
639422.845,af26,-404,-26,4347,0,195
639430.823,af26,-529,16,4049,0,196
639438.808,af26,-759,257,4145,0,197
639446.783,af26,-565,-39,3985,0,198
639454.759,af26,-485,-148,4193,0,199
639462.738,af26,-601,203,4314,0,200
639470.721,af26,-705,-85,4204,0,201
639478.718,af26,-597,494,4205,0,202
639486.698,af26,-593,37,4313,0,203
639494.687,af26,-614,0,4090,0,204
639502.668,af26,-375,-285,4195,0,205
639510.648,af26,-351,-503,4073,0,206
639518.628,af26,-552,-265,4020,0,207
639526.605,af26,-505,96,4204,0,208
639534.592,af26,-524,291,4220,0,209
639542.576,af26,-446,418,4366,0,210
639550.556,af26,-924,323,4210,0,211
639558.537,af26,-812,143,4355,0,212
639566.532,af26,-652,298,4314,0,213
639574.514,af26,-402,199,4149,0,214
639582.503,af26,-428,-113,4004,0,215
639590.488,af26,-195,-241,3939,0,216
639598.468,af26,-377,-493,4003,0,217
639606.449,af26,26,300,4344,0,218
639614.438,af26,-261,682,4575,0,219
639622.419,af26,-783,701,4502,0,220
639630.403,af26,-815,629,4412,0,221
639638.371,af26,-870,195,4368,0,222
639646.344,af26,-358,287,4186,0,223
639654.319,af26,-208,-8,3811,0,224
639662.298,af26,-122,47,3873,0,225
639670.273,af26,-248,75,3945,0,226
639678.248,af26,-422,286,4093,0,227
639686.223,af26,-579,566,4371,0,228
639694.205,af26,-616,598,4396,0,229
639702.176,af26,-473,350,4327,0,230
639710.151,af26,-447,128,4217,0,231
639718.133,af26,-440,-29,4085,0,232
639726.109,af26,-472,132,3976,0,233
639734.094,af26,-639,2,4162,0,234
639742.086,af26,-666,-32,4206,0,235
639750.059,af26,-620,95,4405,0,236
639758.031,af26,-498,23,4256,0,237
639765.996,af26,-450,-52,4358,0,238
639773.959,af26,-542,89,4186,0,239
639781.926,af26,-507,-4,4214,0,240
639789.903,af26,-443,10,4241,0,241
639797.871,af26,-410,-127,4302,0,242
639805.84,af26,-688,244,4228,0,243
639813.811,af26,-431,-77,4194,0,244
639821.785,af26,-324,139,4113,0,245
639829.758,af26,-487,-26,3962,0,246
639837.733,af26,-489,290,4178,0,247
639845.716,af26,-606,15,4325,0,248
639853.688,af26,-456,-294,4155,0,249
639861.663,af26,-312,275,4268,0,250
639869.633,af26,-288,227,4260,0,251
639877.613,af26,-65,161,4372,0,252
639885.587,af26,-308,-92,4137,0,253
639893.555,af26,-795,7,4087,0,254
639901.532,af26,-623,119,4434,0,255
639909.503,af26,-651,139,4266,0,0
639917.483,af26,-927,436,4209,0,1
639925.45,af26,-331,-33,4273,0,2
639933.428,af26,-418,-82,4394,0,3
639941.408,af26,-753,221,3905,0,4
639949.399,af26,-506,-7,4052,0,5
639957.374,af26,-820,391,4105,0,6
639965.348,af26,-650,246,4232,0,7
639973.331,af26,-659,42,4334,0,8
639981.305,af26,-579,277,4029,0,9
639989.281,af26,-543,-311,4364,0,10
639997.258,af26,-458,197,4179,0,11
640005.234,af26,-526,-202,4278,0,12
640013.199,af26,-588,-157,4371,0,13
640021.173,af26,-554,193,4230,0,14
640029.148,af26,-669,-227,4197,0,15
640037.12,af26,-785,289,4125,0,16
640045.105,af26,-603,-18,3991,0,17
640053.078,af26,-550,212,4427,0,18
640061.058,af26,-790,309,4185,0,19
640069.035,af26,-699,154,4204,0,20
640077.018,af26,-800,523,4187,0,21
640085.006,af26,-704,370,4395,0,22
640092.981,af26,-673,170,4393,0,23
640100.972,af26,-826,-91,4025,0,24
640108.954,af26,-768,393,3957,0,25
640116.935,af26,-490,218,3955,0,26
640124.917,af26,-329,24,3947,0,27
640132.897,af26,-566,216,4144,0,28
640140.878,af26,-544,113,4120,0,29
640148.865,af26,-671,8,4060,0,30
640156.848,af26,-616,55,4110,0,31
640164.829,af26,-1209,159,4009,0,32
640172.813,af26,-495,391,3959,0,33
640180.796,af26,-788,-181,3934,0,34
640188.783,af26,-525,394,4142,0,35
640196.76,af26,-772,389,4258,0,36
640204.729,af26,-1056,-94,4332,0,37
640212.705,af26,-840,259,4426,0,38
640220.679,af26,-861,-64,4280,0,39
640228.647,af26,-793,256,4187,0,40
640236.618,af26,-338,485,4204,0,41
640244.59,af26,-615,-5,3794,0,42
640252.565,af26,-451,229,4212,0,43
640260.539,af26,-597,-338,4209,0,44
640268.513,af26,-440,80,4326,0,45
640276.493,af26,-591,-114,4473,0,46
640284.466,af26,-515,239,4096,0,47
640292.446,af26,-483,165,4262,0,48
640300.416,af26,-392,639,4218,0,49
640308.387,af26,-636,127,3850,0,50
640316.366,af26,-489,113,4562,0,51
640324.329,af26,-424,448,4303,0,52
640332.305,af26,-963,83,3839,0,53
640340.281,af26,-811,-26,4464,0,54
640348.272,af26,-770,-110,4114,0,55
640356.253,af26,-528,249,4319,0,56
640364.229,af26,-601,122,4251,0,57
640372.203,af26,-635,166,4065,0,58
640380.178,af26,-810,-65,4181,0,59
640388.162,af26,-510,0,4106,0,60
640396.133,af26,-743,132,4088,0,61
640404.121,af26,-668,-258,4070,0,62
640412.105,af26,-215,100,4428,0,63
640420.093,af26,-473,-35,4185,0,64
640428.075,af26,-485,13,4112,0,65
640436.06,af26,-546,-29,4213,0,66
640444.031,af26,-709,74,4408,0,67
640452.015,af26,-704,231,4057,0,68
640460.003,af26,-547,121,4050,0,69
640467.978,af26,-608,164,4212,0,70
640475.965,af26,-531,-7,4048,0,71
640483.943,af26,-484,95,4005,0,72
640491.924,af26,-735,66,4340,0,73
640499.898,af26,-695,-66,4320,0,74
640507.862,af26,-686,17,4355,0,75
640515.83,af26,-690,183,4341,0,76
640523.79,af26,-576,172,4187,0,77
640531.769,af26,-425,172,4047,0,78
640539.746,af26,-429,155,3985,0,79
640547.723,af26,-483,67,4031,0,80
640555.698,af26,-555,94,4093,0,81
640563.673,af26,-541,75,4190,0,82
640571.648,af26,-671,71,4278,0,83
640579.618,af26,-715,24,4343,0,84
640587.598,af26,-621,-57,4287,0,85
640595.581,af26,-600,36,4212,0,86
640603.621,af26,-665,107,4033,0,87
640611.657,af26,-401,325,4347,0,88
640619.693,af26,-604,407,4198,0,89
640627.733,af26,-459,122,4346,0,90
640635.777,af26,-668,163,4398,0,91
640643.821,af26,-578,96,4332,0,92
640651.86,af26,80,611,3480,0,93
640659.898,af26,346,91,4103,0,94
640667.933,af26,-74,-286,4242,0,95
640675.977,af26,-356,-389,3865,0,96
640684.009,af26,-692,-379,4358,0,97
640692.04,af26,-715,-265,4550,0,98
640700.068,af26,-659,40,4339,0,99
640708.103,af26,-590,224,4218,0,100
640716.139,af26,-455,100,4045,0,101
640724.191,af26,-373,183,4076,0,102
640732.238,af26,-549,165,4116,0,103
640740.27,af26,-716,87,4252,0,104
640748.305,af26,-846,121,4336,0,105
640756.339,af26,-846,70,4311,0,106
640764.376,af26,-420,-130,4029,0,107
640772.408,af26,-443,127,4001,0,108
640780.439,af26,-415,-156,4076,0,109
640788.486,af26,-482,242,4076,0,110
640796.527,af26,-424,43,4237,0,111
640804.576,af26,-769,112,4271,0,112
640812.618,af26,-751,34,4329,0,113
640820.651,af26,-600,-307,4179,0,114
640828.693,af26,-554,240,4138,0,115
640836.741,af26,-717,700,4314,0,116
640844.792,af26,-234,194,3856,0,117
640852.85,af26,-313,334,4082,0,118
640860.892,af26,-445,219,4121,0,119
640868.946,af26,-679,-265,4260,0,120
640876.992,af26,-774,213,4261,0,121
640885.031,af26,-681,244,4346,0,122
640893.069,af26,-630,91,4361,0,123
640901.105,af26,-565,-173,4278,0,124
640909.144,af26,-1040,34,4122,0,125
640917.174,af26,-721,-51,4064,0,126
640925.206,af26,-599,60,4245,0,127
640933.253,af26,-972,168,3993,0,128
640941.301,af26,-560,45,3983,0,129
640949.358,af26,-575,200,4256,0,130
640957.393,af26,-658,29,4269,0,131
640965.429,af26,-568,10,4279,0,132
640973.462,af26,-407,110,4585,0,133
640981.504,af26,-453,-83,4507,0,134
640989.54,af26,-709,105,4091,0,135
640997.58,af26,-591,-122,4271,0,136
641005.625,af26,-605,-180,4233,0,137
641013.662,af26,-974,-128,4360,0,138
641021.693,af26,-1310,321,4230,0,139
641029.732,af26,-277,-242,4538,0,140
641037.774,af26,-588,-1,4382,0,141
641045.811,af26,-269,39,4463,0,142
641053.853,af26,-213,-391,4227,0,143
641061.894,af26,-266,-19,4726,0,144
641069.931,af26,-919,86,3690,0,145
641077.971,af26,-642,151,4078,0,146
641086.012,af26,-698,90,4128,0,147
641094.053,af26,-1252,171,4338,0,148
641102.086,af26,-321,-320,4388,0,149
641110.125,af26,-1209,356,3893,0,150
641118.166,af26,-776,359,4078,0,151
641126.2,af26,-613,317,4116,0,152
641134.233,af26,-507,49,4422,0,153
641142.268,af26,-603,74,3985,0,154
641150.299,af26,-672,396,4160,0,155
641158.336,af26,-683,296,4314,0,156
641166.368,af26,-618,211,4123,0,157
641174.413,af26,-626,354,4465,0,158
641182.478,af26,-780,77,4198,0,159
641190.544,af26,-830,131,4234,0,160
641198.576,af26,-919,337,4018,0,161
641206.608,af26,-564,80,4167,0,162
641214.643,af26,-397,-7,4165,0,163
641222.673,af26,-963,278,3942,0,164
641230.715,af26,-562,232,4526,0,165
641238.756,af26,-521,124,4111,0,166
641246.802,af26,-679,101,4177,0,167
641254.838,af26,-476,-368,4026,0,168
641262.875,af26,-305,93,4359,0,169
641270.906,af26,-1002,309,3794,0,170
641278.938,af26,-332,-307,4031,0,171
641286.982,af26,-678,284,4194,0,172
641295.035,af26,-661,-418,3736,0,173
641303.078,af26,-617,-51,4053,0,174
641311.118,af26,-619,267,4234,0,175
641319.154,af26,-494,-699,3805,0,176
641327.192,af26,-716,38,4114,0,177
641335.238,af26,-838,51,3735,0,178
641343.286,af26,-536,237,3980,0,179
641351.332,af26,-975,359,4255,0,180
641359.368,af26,-543,-313,4217,0,181
641367.412,af26,-773,-426,4411,0,182
641375.451,af26,-814,78,4497,0,183
641383.493,af26,-212,-25,4535,0,184
641391.53,af26,-445,162,4132,0,185
641399.574,af26,-506,-113,3952,0,186
641407.604,af26,-388,-197,3744,0,187
641415.646,af26,-288,-238,4117,0,188
641423.687,af26,-528,-231,4175,0,189
641431.721,af26,-590,-5,4253,0,190
641439.752,af26,-764,32,4527,0,191
641447.8,af26,-513,252,4373,0,192
641455.831,af26,-524,596,4368,0,193
641463.878,af26,-676,395,4248,0,194
641471.914,af26,-553,74,4103,0,195
641479.952,af26,-564,137,4199,0,196
641487.98,af26,-492,176,4230,0,197
641496.023,af26,-481,394,4244,0,198
641504.058,af26,-552,466,4312,0,199
641512.088,af26,-796,-277,4323,0,200
641520.118,af26,-300,115,4302,0,201
641528.167,af26,-692,-184,4136,0,202
641536.203,af26,-320,375,4238,0,203
641544.237,af26,-621,296,4146,0,204
641552.283,af26,-468,437,4251,0,205
641560.327,af26,-713,57,4218,0,206
641568.367,af26,-378,490,4298,0,207
641576.402,af26,-473,291,4154,0,208
641584.433,af26,-310,421,4129,0,209
641592.479,af26,-271,210,4038,0,210
641600.513,af26,-293,230,4026,0,211
641608.551,af26,-278,197,4069,0,212
641616.588,af26,-388,282,4177,0,213
641624.627,af26,-388,219,4240,0,214
641632.682,af26,-443,12,4239,0,215
641640.723,af26,-561,177,4279,0,216
641648.774,af26,-623,53,4385,0,217
641656.813,af26,-609,132,4257,0,218
641664.853,af26,-771,39,4220,0,219
641672.891,af26,-619,-15,4316,0,220
641680.932,af26,-377,-44,4399,0,221
641688.968,af26,-249,-63,4407,0,222
641697.004,af26,-706,-128,4096,0,223
641705.05,af26,-765,-29,3981,0,224
641713.085,af26,-375,-55,4229,0,225
641721.123,af26,-508,63,4108,0,226
641729.158,af26,-639,314,4156,0,227
641737.193,af26,-202,-157,4314,0,228
641745.232,af26,-434,448,4104,0,229
641753.284,af26,-410,523,4186,0,230
641761.328,af26,-616,45,4259,0,231
641769.376,af26,-860,-282,4170,0,232
641777.415,af26,-870,53,4417,0,233
641785.454,af26,-251,-9,4266,0,234
641793.494,af26,-887,187,3930,0,235
641801.53,af26,-583,244,4075,0,236
641809.568,af26,-990,82,4276,0,237
641817.614,af26,-941,242,3969,0,238
641825.653,af26,-475,-49,4298,0,239
641833.695,af26,-653,25,4352,0,240
641841.734,af26,-688,413,4108,0,241
641849.773,af26,-742,67,4240,0,242
641857.81,af26,-480,278,4273,0,243
641865.859,af26,-476,-346,4013,0,244
641873.91,af26,-223,169,4119,0,245
641881.957,af26,-621,142,4166,0,246
641890.008,af26,-828,158,4258,0,247
641898.048,af26,-682,-5,4203,0,248
641906.1,af26,-745,120,4331,0,249
641914.136,af26,-823,24,4237,0,250
641922.183,af26,-466,-97,3969,0,251
641930.222,af26,-420,240,4210,0,252
641938.267,af26,-705,226,4086,0,253
641946.308,af26,-622,-86,4026,0,254
641954.353,af26,-713,220,4348,0,255
641962.399,af26,-639,129,4191,0,0
641970.443,af26,-639,-291,4324,0,1
641978.488,af26,-524,341,4087,0,2
641986.528,af26,-565,384,4272,0,3
641994.563,af26,-724,-115,3955,0,4
642002.608,af26,-453,-57,4066,0,5
642010.661,af26,-714,-188,4288,0,6
642018.718,af26,-517,221,3987,0,7
642026.776,af26,-963,70,4213,0,8
642034.838,af26,-888,322,4343,0,9
642042.887,af26,-354,29,4225,0,10
642050.935,af26,-447,440,4088,0,11
642058.983,af26,-840,73,4061,0,12
642067.018,af26,-616,-98,4069,0,13
642075.067,af26,-567,176,4619,0,14
642083.114,af26,-569,117,4109,0,15
642091.157,af26,-552,-201,4195,0,16
642099.199,af26,-568,284,4287,0,17
642107.249,af26,-843,-154,4143,0,18
642115.303,af26,-626,-124,4250,0,19
642123.353,af26,-622,281,4054,0,20
642131.39,af26,-869,-232,4040,0,21
642139.431,af26,-396,99,4088,0,22
642147.471,af26,-351,687,4291,0,23
642155.514,af26,-979,-75,3865,0,24
642163.557,af26,-780,-69,4210,0,25
642171.599,af26,-982,-7,4391,0,26
642179.652,af26,-626,-43,4106,0,27
642187.691,af26,-840,98,4090,0,28
642195.736,af26,-412,473,4112,0,29
642203.779,af26,-595,82,4092,0,30
642211.82,af26,-515,40,4203,0,31
642219.858,af26,-694,105,4254,0,32
642227.902,af26,-591,185,4240,0,33
642235.95,af26,-475,-169,4176,0,34
642243.995,af26,-842,161,4135,0,35
642252.038,af26,-661,434,4072,0,36
642260.084,af26,-481,-132,4292,0,37
642268.125,af26,-460,-213,4199,0,38
642276.165,af26,-668,108,4293,0,39
642284.212,af26,-694,111,3986,0,40
642292.253,af26,-824,149,4220,0,41
642300.298,af26,-697,-107,3976,0,42
642308.342,af26,-506,190,4249,0,43
642316.388,af26,-807,27,3961,0,44
642324.433,af26,-479,145,4182,0,45
642332.479,af26,-557,-13,4100,0,46
642340.52,af26,-595,-114,4233,0,47
642348.561,af26,-569,-9,4341,0,48
642356.608,af26,-576,128,4338,0,49
642364.657,af26,-463,-21,4131,0,50
642372.703,af26,-440,101,4176,0,51
642380.753,af26,-488,45,4117,0,52
642388.798,af26,-516,70,4142,0,53
642396.844,af26,-498,111,4238,0,54
642404.882,af26,-660,-46,4288,0,55
642412.924,af26,-608,-5,4322,0,56
642420.967,af26,-598,35,4199,0,57
642429.008,af26,-498,116,4170,0,58
642437.051,af26,-494,63,4183,0,59
642445.092,af26,-514,173,4118,0,60
642453.133,af26,-527,83,4187,0,61
642461.184,af26,-587,119,4179,0,62
642469.228,af26,-559,64,4179,0,63
642477.273,af26,-577,82,4123,0,64
642485.317,af26,-509,49,4112,0,65
642493.359,af26,-555,129,4150,0,66
642501.4,af26,-598,23,4172,0,67
642509.441,af26,-572,61,4284,0,68
642517.487,af26,-616,158,4311,0,69
642525.522,af26,-644,165,4273,0,70
642533.557,af26,-932,775,4015,0,71
642541.598,af26,-686,-48,4289,0,72
642549.64,af26,-423,90,4371,0,73
642557.688,af26,-520,111,4169,0,74
642565.726,af26,-537,-402,3285,0,75
642573.763,af26,-375,16,4195,0,76
642581.804,af26,-436,-473,4115,0,77
642589.839,af26,-410,-758,3822,0,78
642597.879,af26,-723,-394,4460,0,79
642605.922,af26,-696,-460,4620,0,80
642613.962,af26,-744,115,4587,0,81
642622.001,af26,-800,345,4410,0,82
642630.038,af26,-409,395,4064,0,83
642638.085,af26,-374,93,3925,0,84
642646.128,af26,-321,190,3920,0,85
642654.165,af26,-548,89,4059,0,86
642662.214,af26,-599,-67,4416,0,87
642670.26,af26,-916,56,4160,0,88
642678.307,af26,-1021,109,4262,0,89
642686.346,af26,-524,-57,4253,0,90
642694.386,af26,-223,-6,4084,0,91
642702.43,af26,-321,-50,3994,0,92
642710.468,af26,-663,272,4042,0,93
642718.509,af26,-800,303,3959,0,94
642726.548,af26,-624,98,4067,0,95
642734.587,af26,-591,192,4305,0,96
642742.626,af26,-681,99,3969,0,97
642750.663,af26,-675,265,4303,0,98
642758.705,af26,-379,274,4347,0,99
642766.747,af26,-433,-155,4064,0,100
642774.788,af26,-689,-133,4026,0,101
642782.843,af26,-413,-154,3969,0,102
642790.895,af26,-553,146,4228,0,103
642798.931,af26,-522,-89,4378,0,104
642806.986,af26,-849,131,3995,0,105
642815.035,af26,-713,23,4285,0,106
642823.075,af26,-758,115,4118,0,107
642831.123,af26,-661,76,4346,0,108
642839.165,af26,-786,-23,3988,0,109
642847.209,af26,-550,-4,3810,0,110
642855.251,af26,-530,71,3942,0,111
642863.294,af26,-529,-46,4218,0,112
642871.336,af26,-441,4,4437,0,113
642879.386,af26,-908,139,4128,0,114
642887.421,af26,-879,227,4040,0,115
642895.449,af26,-871,531,4638,0,116
642903.481,af26,-489,42,3823,0,117
642911.516,af26,-970,294,4506,0,118
642919.551,af26,-467,-194,3807,0,119
642927.598,af26,-395,-113,4560,0,120
642935.642,af26,-627,27,4330,0,121
642943.676,af26,-550,175,4586,0,122
642951.721,af26,-472,-155,4180,0,123
642959.754,af26,-433,163,4424,0,124
642967.787,af26,-1076,662,4481,0,125
642975.834,af26,-137,-203,3959,0,126
642983.865,af26,-1349,812,4484,0,127
642991.908,af26,-1236,732,3922,0,128
642999.948,af26,-514,-231,3657,0,129
643007.992,af26,-951,290,3991,0,130
643016.043,af26,-514,236,4486,0,131
643024.084,af26,-909,-17,3939,0,132
643032.128,af26,-622,119,4290,0,133
643040.162,af26,-1030,613,4257,0,134
643048.202,af26,-500,304,4398,0,135
643056.238,af26,-669,228,4146,0,136
643064.282,af26,-475,239,4055,0,137
643072.32,af26,-559,-33,4238,0,138
643080.353,af26,-540,-1,4361,0,139
643088.388,af26,-731,-20,4074,0,140
643096.429,af26,-558,33,4031,0,141
643104.463,af26,-200,-337,3952,0,142
643112.497,af26,-683,59,3969,0,143
643120.538,af26,-443,287,4345,0,144
643128.578,af26,-439,272,4763,0,145
643136.622,af26,-716,292,4323,0,146
643144.668,af26,-818,357,3749,0,147
643152.694,af26,-319,310,4162,0,148
643160.735,af26,-418,143,4175,0,149
643168.772,af26,-454,13,4022,0,150
643176.802,af26,-248,-158,4495,0,151
643184.843,af26,-406,87,4359,0,152
643192.872,af26,-430,71,4753,0,153
643200.904,af26,-656,170,4421,0,154
643208.943,af26,-575,6,4321,0,155
643216.977,af26,-442,-104,4064,0,156
643225.018,af26,-350,-235,4126,0,157
643233.068,af26,-545,-416,4006,0,158
643241.102,af26,-576,-267,4162,0,159
643249.139,af26,-352,-42,4414,0,160
643257.198,af26,-621,224,4350,0,161
643265.237,af26,-512,114,4274,0,162
643273.271,af26,-484,27,4311,0,163
643281.304,af26,-520,59,4064,0,164
643289.353,af26,-608,108,4292,0,165
643297.409,af26,-614,-27,4146,0,166
643305.448,af26,-589,112,4242,0,167
643313.486,af26,-613,186,4315,0,168
643321.528,af26,-610,285,4222,0,169
643329.568,af26,-516,240,4228,0,170
643337.614,af26,-517,-295,4138,0,171
643345.658,af26,-338,243,4249,0,172
643353.698,af26,-331,30,4096,0,173
643361.738,af26,-567,6,3988,0,174
643369.778,af26,-406,229,4173,0,175
643377.814,af26,-600,206,4187,0,176
643385.85,af26,-574,407,4360,0,177
643393.884,af26,-654,259,4372,0,178
643401.923,af26,-555,457,4331,0,179
643409.966,af26,-473,413,4235,0,180
643418.01,af26,-371,384,4119,0,181
643426.053,af26,-341,345,4092,0,182
643434.084,af26,-363,197,4020,0,183
643442.123,af26,-299,112,3979,0,184
643450.161,af26,-275,155,4099,0,185
643458.197,af26,-330,70,4078,0,186
643466.236,af26,-411,81,4159,0,187
643474.265,af26,-546,65,4186,0,188
643482.294,af26,-790,141,4452,0,189
643490.333,af26,-747,220,4418,0,190
643498.367,af26,-852,43,4240,0,191
643506.404,af26,-582,176,4212,0,192
643514.437,af26,-642,211,4238,0,193
643522.473,af26,-542,-93,4221,0,194
643530.504,af26,-246,-248,4362,0,195
643538.542,af26,-460,-49,4133,0,196
643546.573,af26,-748,99,4174,0,197
643554.605,af26,-749,277,4167,0,198
643562.639,af26,-661,118,4217,0,199
643570.669,af26,-262,246,4230,0,200
643578.699,af26,-495,218,4233,0,201
643586.736,af26,-481,-11,4176,0,202
643594.764,af26,-187,95,3970,0,203
643602.795,af26,-646,589,4050,0,204
643610.839,af26,-630,265,4202,0,205
643618.888,af26,-716,76,4175,0,206
643626.925,af26,-788,-13,4235,0,207
643634.955,af26,-606,101,4217,0,208
643642.982,af26,-813,166,4000,0,209
643651.01,af26,-366,168,4172,0,210
643659.041,af26,-272,-197,4331,0,211
643667.074,af26,-601,-150,4269,0,212
643675.112,af26,-745,76,4121,0,213
643683.145,af26,-812,-95,4233,0,214
643691.189,af26,-824,616,4122,0,215
643699.228,af26,-763,0,4278,0,216
643707.261,af26,-754,210,4268,0,217
643715.317,af26,-751,-150,4270,0,218
643723.352,af26,-625,267,4323,0,219
643731.388,af26,-465,-213,4134,0,220
643739.433,af26,-666,173,4061,0,221
643747.464,af26,-635,250,4226,0,222
643755.501,af26,-710,25,4019,0,223
643763.545,af26,-105,185,4272,0,224
643771.575,af26,-650,-4,4386,0,225
643779.607,af26,-539,-241,4320,0,226
643787.649,af26,-1144,-39,3803,0,227
643795.681,af26,-752,-64,3985,0,228
643803.712,af26,-796,371,4575,0,229
643811.75,af26,83,234,4170,0,230
643819.78,af26,-956,145,3865,0,231
643827.813,af26,-536,258,4051,0,232
643835.852,af26,-823,316,4139,0,233
643843.886,af26,-435,-27,4515,0,234
643851.922,af26,-1115,-167,4325,0,235
643859.953,af26,-453,340,4263,0,236
643867.984,af26,-547,-203,4280,0,237
643876.013,af26,-914,228,4214,0,238
643884.043,af26,-504,-115,4314,0,239
643892.079,af26,-431,82,3878,0,240
643900.109,af26,-980,-39,4078,0,241
643908.14,af26,-309,-167,3909,0,242
643916.167,af26,-475,141,4359,0,243
643924.204,af26,-738,-111,4128,0,244
643932.235,af26,-441,148,4122,0,245
643940.282,af26,-1102,-75,4122,0,246
643948.317,af26,-630,26,4148,0,247
643956.358,af26,-466,357,4006,0,248
643964.4,af26,-505,42,3970,0,249
643972.43,af26,-737,-54,4235,0,250
643980.466,af26,-764,95,4382,0,251
643988.495,af26,-901,397,4430,0,252
643996.53,af26,-815,151,4186,0,253
644004.569,af26,-671,166,4111,0,254
644012.608,af26,-726,746,3954,0,255
644020.647,af26,-701,30,4251,0,0
644028.683,af26,-586,173,4353,0,1
644036.723,af26,-730,-28,4119,0,2
644044.764,af26,-710,-175,4360,0,3
644052.795,af26,-754,215,4184,0,4
644060.834,af26,-657,-71,4350,0,5
644068.873,af26,-666,58,4415,0,6
644076.904,af26,-605,185,4345,0,7
644084.942,af26,-587,-26,4368,0,8
644092.987,af26,-660,-54,4086,0,9
644101.016,af26,-650,345,4313,0,10
644109.048,af26,-561,-48,4139,0,11
644117.083,af26,-732,74,4392,0,12
644125.113,af26,-531,-45,4291,0,13
644133.159,af26,-602,13,4130,0,14
644141.198,af26,-594,89,4069,0,15
644149.238,af26,-478,108,4146,0,16
644157.273,af26,-569,108,4174,0,17
644165.306,af26,-511,73,4217,0,18
644173.338,af26,-695,39,4266,0,19
644181.381,af26,-674,47,4253,0,20
644189.42,af26,-512,-2,4140,0,21
644197.456,af26,-518,51,4247,0,22
644205.497,af26,-540,69,4134,0,23
644213.537,af26,-635,113,4135,0,24
644221.574,af26,-591,91,4109,0,25
644229.612,af26,-485,60,4205,0,26
644237.648,af26,-586,126,4255,0,27
644245.689,af26,-592,149,4217,0,28
644253.735,af26,-595,106,4222,0,29
644261.783,af26,-620,57,4199,0,30
644269.826,af26,-590,59,4122,0,31
644277.852,af26,-618,48,4151,0,32
644285.889,af26,-564,19,4179,0,33
644293.933,af26,-514,-23,4195,0,34
644301.978,af26,-514,-92,4081,0,35
644310.02,af26,-545,-16,4219,0,36
644318.062,af26,-2,70,4998,0,37
644326.109,af26,-578,65,4362,0,38
644334.143,af26,-595,350,4442,0,39
644342.182,af26,-694,329,4478,0,40
644350.22,af26,-538,644,4306,0,41
644358.262,af26,699,84,3654,0,42
644366.303,af26,320,-766,3766,0,43
644374.337,af26,-188,-653,3731,0,44
644382.373,af26,-490,-785,3864,0,45
644390.427,af26,-1022,-22,4612,0,46
644398.459,af26,-726,-127,4740,0,47
644406.506,af26,-795,342,4606,0,48
644414.541,af26,-553,76,4431,0,49
644422.578,af26,-352,157,4060,0,50
644430.623,af26,-372,204,3798,0,51
644438.668,af26,-615,305,3922,0,52
644446.706,af26,-568,37,4345,0,53
644454.749,af26,-701,-104,4240,0,54
644462.787,af26,-815,-104,4392,0,55
644470.824,af26,-538,-165,4421,0,56
644478.86,af26,-412,-156,4233,0,57
644486.899,af26,-408,-105,3866,0,58
644494.945,af26,-414,-27,4154,0,59
644502.98,af26,-413,107,4082,0,60
644511.023,af26,-673,283,4091,0,61
644519.06,af26,-919,190,4485,0,62
644527.095,af26,-875,247,4282,0,63
644535.134,af26,-837,383,3916,0,64
644543.186,af26,-479,-22,4335,0,65
644551.233,af26,-231,27,3951,0,66
644559.279,af26,-538,26,3958,0,67
644567.323,af26,-719,5,4003,0,68
644575.365,af26,-784,-17,4154,0,69
644583.394,af26,-564,-81,4395,0,70
644591.438,af26,-809,250,4326,0,71
644599.479,af26,-746,99,4262,0,72
644607.518,af26,-702,136,4120,0,73
644615.548,af26,-616,-89,4210,0,74
644623.575,af26,-620,103,4325,0,75
644631.613,af26,-686,50,4212,0,76
644639.646,af26,-264,-155,4217,0,77
644647.681,af26,-724,359,4212,0,78
644655.722,af26,-693,-39,4127,0,79
644663.777,af26,-799,-64,4409,0,80
644671.81,af26,-502,140,4460,0,81
644679.852,af26,-905,486,4125,0,82
644687.883,af26,-473,475,4604,0,83
644695.916,af26,-389,-271,3950,0,84
644703.962,af26,-1238,479,3628,0,85
644711.999,af26,-692,-7,4666,0,86
644720.034,af26,-686,-144,4135,0,87
644728.064,af26,-776,215,4357,0,88
644736.097,af26,-1132,27,4227,0,89
644744.14,af26,-409,56,4236,0,90
644752.178,af26,-670,-58,4134,0,91
644760.218,af26,-518,143,4153,0,92
644768.27,af26,-557,48,4865,0,93
644776.308,af26,201,-498,4691,0,94
644784.35,af26,-592,-165,3729,0,95
644792.387,af26,-578,-278,3940,0,96
644800.427,af26,-559,132,4158,0,97
644808.473,af26,-476,116,4216,0,98
644816.524,af26,-360,-349,4403,0,99
644824.56,af26,-907,211,4339,0,100
644832.595,af26,-71,55,4738,0,101
644840.633,af26,-372,-299,3579,0,102
644848.686,af26,173,-570,4480,0,103
644856.73,af26,-912,941,4873,0,104
644864.772,af26,-485,461,4452,0,105
644872.813,af26,-70,-286,4200,0,106
644880.848,af26,-545,603,4314,0,107
644888.898,af26,-948,7,4309,0,108
644896.935,af26,-1015,32,3738,0,109
644904.973,af26,-628,27,4063,0,110
644913.005,af26,-863,370,4048,0,111
644921.043,af26,-310,137,4487,0,112
644929.073,af26,-40,450,4515,0,113
644937.105,af26,-373,-142,4623,0,114
644945.139,af26,-715,183,4081,0,115
644953.182,af26,-639,379,4517,0,116
644961.227,af26,-695,352,4161,0,117
644969.258,af26,-861,203,4022,0,118
644977.293,af26,-640,386,4294,0,119
644985.333,af26,24,-137,4840,0,120
644993.386,af26,-647,266,4088,0,121
645001.426,af26,-746,109,3864,0,122
645009.49,af26,-81,-141,4371,0,123
645017.53,af26,-505,175,4297,0,124
645025.571,af26,-450,-167,4312,0,125
645033.617,af26,-673,148,4156,0,126
645041.66,af26,-726,209,4040,0,127
645049.702,af26,-638,200,4332,0,128
645057.743,af26,-514,351,4136,0,129
645065.788,af26,-499,-56,4086,0,130
645073.828,af26,-331,308,4411,0,131
645081.877,af26,-542,81,4138,0,132
645089.928,af26,-449,107,4188,0,133
645097.966,af26,-529,97,4166,0,134
645106.01,af26,-477,-22,4111,0,135
645114.045,af26,-370,14,4230,0,136
645122.098,af26,-405,-54,4355,0,137
645130.128,af26,-630,-45,4289,0,138
645138.164,af26,-570,-166,4363,0,139
645146.199,af26,-770,-219,4288,0,140
645154.238,af26,-640,-1,4304,0,141
645162.274,af26,-529,159,4212,0,142
645170.311,af26,-468,262,4109,0,143
645178.358,af26,-437,357,4163,0,144
645186.394,af26,-547,222,4196,0,145
645194.435,af26,-392,384,4304,0,146
645202.486,af26,-471,-80,4223,0,147
645210.546,af26,-441,231,4379,0,148
645218.595,af26,-400,14,4318,0,149
645226.636,af26,-461,-215,4053,0,150
645234.674,af26,-256,-169,4130,0,151
645242.715,af26,-2126,35,3547,0,152
645250.759,af26,-1012,1292,3880,0,153
645258.803,af26,-945,782,4366,0,154
645266.845,af26,-581,401,4487,0,155
645274.893,af26,-882,209,4362,0,156
645282.94,af26,-392,585,4371,0,157
645290.987,af26,-312,236,3960,0,158
645299.023,af26,-198,253,3855,0,159
645307.06,af26,-224,173,3988,0,160
645315.096,af26,-227,335,4015,0,161
645323.138,af26,-481,389,4131,0,162
645331.174,af26,-525,310,4241,0,163
645339.216,af26,-488,72,4207,0,164
645347.255,af26,-684,145,4315,0,165
645355.298,af26,-675,225,4318,0,166
645363.338,af26,-650,-27,4380,0,167
645371.381,af26,-736,-263,4300,0,168
645379.414,af26,-626,-110,4209,0,169
645387.459,af26,-632,55,4245,0,170
645395.496,af26,-748,55,4247,0,171
645403.541,af26,-354,116,4207,0,172
645411.579,af26,-577,38,4117,0,173
645419.626,af26,-580,-60,4186,0,174
645427.667,af26,-720,265,4140,0,175
645435.708,af26,-317,354,4203,0,176
645443.743,af26,-580,-59,4213,0,177
645451.779,af26,-372,-246,4268,0,178
645459.823,af26,-393,404,4088,0,179
645467.865,af26,-222,702,4084,0,180
645475.9,af26,-258,597,4123,0,181
645483.934,af26,-336,481,4188,0,182
645491.972,af26,-570,336,3944,0,183
645500.013,af26,-120,-81,4268,0,184
645508.061,af26,-813,-82,4182,0,185
645516.098,af26,-538,67,4513,0,186
645524.14,af26,-471,355,4278,0,187
645532.189,af26,-356,-236,4358,0,188
645540.247,af26,-897,451,3870,0,189
645548.286,af26,-704,-107,4137,0,190
645556.318,af26,-833,162,4100,0,191
645564.358,af26,-643,-28,4238,0,192
645572.392,af26,-614,183,4027,0,193
645580.427,af26,-492,104,4333,0,194
645588.469,af26,-692,24,3983,0,195
645596.501,af26,-781,-196,4219,0,196
645604.538,af26,-643,449,4313,0,197
645612.595,af26,-743,-163,4133,0,198
645620.64,af26,-729,304,4233,0,199
645628.686,af26,-709,685,4390,0,200
645636.722,af26,-837,-191,4068,0,201
645644.763,af26,-1055,244,4009,0,202
645652.798,af26,-539,149,4057,0,203
645660.837,af26,-392,33,3914,0,204
645668.88,af26,-631,-81,3939,0,205
645676.921,af26,-859,-161,4257,0,206
645684.958,af26,-792,141,4272,0,207
645692.998,af26,-863,120,3886,0,208
645701.031,af26,-246,403,4442,0,209
645709.076,af26,-648,52,4296,0,210
645717.114,af26,-466,323,4368,0,211
645725.153,af26,-336,315,3833,0,212
645733.188,af26,-1482,-40,4284,0,213
645741.218,af26,-218,23,4286,0,214
645749.253,af26,-1203,-519,3914,0,215
645757.299,af26,-1019,35,4072,0,216
645765.337,af26,-457,-88,4275,0,217
645773.369,af26,-990,226,4502,0,218
645781.411,af26,-363,334,4211,0,219
645789.453,af26,-961,-229,4116,0,220
645797.488,af26,-811,-79,4092,0,221
645805.529,af26,-602,143,3888,0,222
645813.565,af26,-560,61,3922,0,223
645821.601,af26,-685,345,4196,0,224
645829.648,af26,-612,144,4221,0,225
645837.698,af26,-927,263,4269,0,226
645845.733,af26,-791,68,4052,0,227
645853.765,af26,-738,430,4126,0,228
645861.799,af26,-806,-49,4387,0,229
645869.828,af26,-417,186,4203,0,230
645877.874,af26,-803,-270,4377,0,231
645885.915,af26,-468,21,4167,0,232
645893.948,af26,-508,329,4174,0,233
645901.976,af26,-750,-63,4049,0,234
645910.008,af26,-296,-48,3904,0,235
645918.037,af26,-413,-168,4440,0,236
645926.073,af26,-559,121,4463,0,237
645934.108,af26,-409,-163,4218,0,238
645942.148,af26,-746,245,4295,0,239
645950.173,af26,-729,132,4194,0,240
645958.211,af26,-668,-17,4191,0,241
645966.24,af26,-595,151,4282,0,242
645974.269,af26,-521,177,4149,0,243
645982.292,af26,-487,159,4181,0,244
645990.32,af26,-657,224,4255,0,245
645998.348,af26,-654,90,4089,0,246
646006.383,af26,-568,183,4161,0,247
646014.424,af26,-593,196,4248,0,248
646022.458,af26,-474,129,4223,0,249
646030.489,af26,-584,90,4201,0,250
646038.523,af26,-583,112,4109,0,251
646046.564,af26,-647,135,4115,0,252
646054.613,af26,-484,97,4231,0,253
646062.648,af26,-446,164,4259,0,254
646070.688,af26,-541,174,4199,0,255
646078.734,af26,-552,10,4136,0,0
646086.782,af26,-818,85,4454,0,1
646094.83,af26,-759,108,4236,0,2
646102.868,af26,-672,11,4164,0,3
646110.907,af26,-693,45,4251,0,4
646118.948,af26,-585,-123,4129,0,5
646126.989,af26,-584,-88,4210,0,6
646135.027,af26,-552,-175,4169,0,7
646143.059,af26,-512,183,4198,0,8
646151.089,af26,-492,164,4286,0,9
646159.128,af26,-552,333,4328,0,10
646167.17,af26,-601,464,4236,0,11
646175.215,af26,9,370,3801,0,12
646183.251,af26,80,-295,4262,0,13
646191.28,af26,-379,-319,3970,0,14
646199.319,af26,-497,-497,4002,0,15
646207.348,af26,-772,-65,4477,0,16
646215.385,af26,-595,-282,4374,0,17
646223.421,af26,-627,-70,4384,0,18
646231.457,af26,-586,-9,4285,0,19
646239.495,af26,-486,178,4085,0,20
646247.526,af26,-428,217,4048,0,21
646255.563,af26,-494,45,4008,0,22
646263.598,af26,-649,7,4258,0,23
646271.634,af26,-684,32,4261,0,24
646279.672,af26,-681,155,4243,0,25
646287.702,af26,-613,-91,4196,0,26
646295.753,af26,-447,-101,4270,0,27
646303.794,af26,-375,-18,4093,0,28
646311.828,af26,-589,151,3965,0,29
646319.868,af26,-638,148,4222,0,30
646327.908,af26,-571,271,4099,0,31
646335.946,af26,-642,175,4168,0,32
646343.978,af26,-846,345,4251,0,33
646352.021,af26,-354,218,4224,0,34
646360.061,af26,-716,65,4322,0,35
646368.101,af26,-774,182,4004,0,36
646376.145,af26,-410,231,4294,0,37
646384.19,af26,-510,-55,4203,0,38
646392.234,af26,-642,140,4250,0,39
646400.266,af26,-570,-75,4089,0,40
646408.298,af26,-286,-147,4386,0,41
646416.342,af26,-551,-65,4311,0,42
646424.374,af26,-711,337,4051,0,43
646432.423,af26,-1011,468,4071,0,44
646440.469,af26,-561,250,4675,0,45
646448.507,af26,-845,311,4316,0,46
646456.552,af26,-679,33,4212,0,47
646464.582,af26,-862,-139,4096,0,48
646472.634,af26,-878,-85,3894,0,49
646480.677,af26,-994,570,4381,0,50
646488.721,af26,-708,491,4427,0,51
646496.765,af26,-270,-155,4303,0,52
646504.803,af26,-1036,226,4053,0,53
646512.846,af26,-764,230,4168,0,54
646520.891,af26,-840,63,3939,0,55
646528.935,af26,-953,142,4315,0,56
646536.969,af26,-517,-186,4623,0,57
646545.012,af26,-1114,487,3901,0,58
646553.051,af26,-974,-90,3828,0,59
646561.083,af26,-413,-472,4198,0,60
646569.118,af26,-494,382,4444,0,61
646577.16,af26,-772,461,4461,0,62
646585.193,af26,-534,7,3972,0,63
646593.237,af26,-689,267,3904,0,64
646601.282,af26,-710,375,4221,0,65
646609.315,af26,-813,340,4614,0,66
646617.373,af26,-696,147,4835,0,67
646625.408,af26,-375,331,5212,0,68
646633.454,af26,-366,-540,3886,0,69
646641.497,af26,-673,483,4646,0,70
646649.538,af26,-1146,431,4073,0,71
646657.578,af26,-323,126,4656,0,72
646665.63,af26,-392,-249,4161,0,73
646673.668,af26,-331,-342,3958,0,74
646681.704,af26,-956,561,4325,0,75
646689.756,af26,174,-210,4755,0,76
646697.8,af26,-215,-472,4563,0,77
646705.838,af26,-961,365,4207,0,78
646713.888,af26,-855,-43,4181,0,79
646721.935,af26,-367,78,4415,0,80
646729.97,af26,-1073,135,3768,0,81
646738.013,af26,-613,-197,3932,0,82
646746.05,af26,-450,-233,4260,0,83
646754.084,af26,-609,128,4248,0,84
646762.125,af26,-782,77,4184,0,85
646770.178,af26,-727,121,3499,0,86
646778.214,af26,-311,47,4133,0,87
646786.248,af26,-622,145,4110,0,88
646794.287,af26,-675,220,3954,0,89
646802.324,af26,-440,81,4156,0,90
646810.369,af26,-558,22,4140,0,91
646818.419,af26,-1126,521,3958,0,92
646826.461,af26,-461,-816,3546,0,93
646834.503,af26,-489,238,4199,0,94
646842.536,af26,-644,371,4390,0,95
646850.571,af26,-687,435,3750,0,96
646858.6,af26,-477,331,4398,0,97
646866.631,af26,-521,468,4231,0,98
646874.66,af26,-320,2,4404,0,99
646882.699,af26,-677,50,4057,0,100
646890.748,af26,-461,103,4180,0,101
646898.794,af26,-668,-42,4075,0,102
646906.837,af26,-446,-289,3910,0,103
646914.875,af26,-214,-397,4160,0,104
646922.91,af26,-327,-407,4108,0,105
