1728873.902,af59,179,136,-802,0,63
1728881.919,af59,173,112,-798,0,64
1728889.932,af59,186,105,-807,0,65
1728897.949,af59,172,112,-801,0,66
1728905.968,af59,189,106,-793,0,67
1728913.978,af59,172,107,-815,0,68
1728921.993,af59,184,127,-801,0,69
1728930.022,af59,188,120,-809,0,70
1728938.046,af59,187,116,-795,0,71
1728946.075,af59,174,109,-799,0,72
1728954.102,af59,181,124,-797,0,73
1728962.127,af59,173,110,-805,0,74
1728970.149,af59,186,123,-807,0,75
1728978.182,af59,170,113,-800,0,76
1728986.202,af59,196,105,-789,0,77
1728994.231,af59,182,124,-792,0,78
1729002.245,af59,177,124,-796,0,79
1729010.27,af59,190,118,-800,0,80
1729018.295,af59,194,105,-804,0,81
1729026.316,af59,184,127,-807,0,82
1729034.352,af59,168,120,-808,0,83
1729042.376,af59,176,113,-808,0,84
1729050.398,af59,177,119,-794,0,85
1729058.417,af59,165,125,-814,0,86
1729066.439,af59,175,116,-805,0,87
1729074.468,af59,187,120,-794,0,88
1729082.486,af59,183,110,-812,0,89
1729090.5,af59,172,121,-805,0,90
1729098.517,af59,172,94,-805,0,91
1729106.537,af59,174,106,-797,0,92
1729114.566,af59,179,108,-807,0,93
1729122.596,af59,179,117,-805,0,94
1729130.62,af59,185,121,-777,0,95
1729138.647,af59,182,118,-803,0,96
1729146.676,af59,191,116,-795,0,97
1729154.705,af59,178,114,-816,0,98
1729162.738,af59,178,107,-794,0,99
1729170.771,af59,183,124,-803,0,100
1729178.791,af59,176,107,-801,0,101
1729186.806,af59,190,122,-808,0,102
1729194.829,af59,173,124,-796,0,103
1729202.849,af59,176,138,-808,0,104
1729210.874,af59,183,110,-800,0,105
1729218.903,af59,173,109,-805,0,106
1729226.934,af59,163,121,-802,0,107
1729234.962,af59,190,113,-803,0,108
1729242.982,af59,176,112,-828,0,109
1729251.004,af59,182,113,-807,0,110
1729259.007,af59,176,123,-800,0,111
1729267.008,af59,181,111,-786,0,112
1729275.012,af59,169,112,-803,0,113
1729283.017,af59,184,120,-816,0,114
1729291.024,af59,181,120,-819,0,115
1729299.034,af59,178,111,-805,0,116
1729307.034,af59,180,116,-789,0,117
1729315.033,af59,182,127,-800,0,118
1729323.043,af59,180,111,-816,0,119
1729331.061,af59,189,117,-799,0,120
1729339.085,af59,187,125,-803,0,121
1729347.102,af59,171,106,-807,0,122
1729355.127,af59,205,133,-802,0,123
1729363.147,af59,168,118,-816,0,124
1729371.165,af59,176,105,-808,0,125
1729379.187,af59,167,118,-792,0,126
1729387.212,af59,182,125,-806,0,127
1729395.232,af59,182,114,-806,0,128
1729403.264,af59,179,116,-812,0,129
1729411.295,af59,192,122,-800,0,130
1729419.323,af59,170,125,-795,0,131
1729427.357,af59,191,111,-799,0,132
1729435.384,af59,169,111,-804,0,133
1729443.415,af59,170,101,-795,0,134
1729451.455,af59,175,112,-798,0,135
1729459.482,af59,174,121,-799,0,136
1729467.517,af59,184,113,-796,0,137
1729475.546,af59,185,115,-797,0,138
1729483.569,af59,177,120,-823,0,139
1729491.581,af59,178,104,-796,0,140
1729499.594,af59,187,120,-799,0,141
1729507.604,af59,193,123,-796,0,142
1729515.625,af59,192,122,-791,0,143
1729523.648,af59,176,115,-804,0,144
1729531.663,af59,186,129,-806,0,145
1729539.677,af59,181,111,-800,0,146
1729547.697,af59,173,119,-793,0,147
1729555.721,af59,179,126,-799,0,148
1729563.745,af59,181,109,-800,0,149
1729571.759,af59,189,127,-800,0,150
1729579.774,af59,184,117,-800,0,151
1729587.797,af59,175,100,-800,0,152
1729595.815,af59,180,115,-808,0,153
1729603.837,af59,177,97,-803,0,154
1729611.864,af59,185,106,-806,0,155
1729619.896,af59,180,112,-792,0,156
1729627.923,af59,184,111,-797,0,157
1729635.948,af59,182,107,-796,0,158
1729643.972,af59,177,109,-820,0,159
1729652.003,af59,170,121,-797,0,160
1729660.039,af59,165,130,-792,0,161
1729668.073,af59,180,117,-797,0,162
1729676.109,af59,174,117,-796,0,163
1729684.142,af59,177,113,-813,0,164
1729692.167,af59,187,119,-801,0,165
1729700.19,af59,181,94,-801,0,166
1729708.208,af59,179,116,-797,0,167
1729716.22,af59,175,117,-800,0,168
1729724.241,af59,179,121,-804,0,169
1729732.246,af59,178,109,-798,0,170
1729740.231,af59,178,113,-794,0,171
1729748.217,af59,187,123,-804,0,172
1729756.203,af59,186,120,-793,0,173
1729764.187,af59,185,109,-815,0,174
1729772.172,af59,159,117,-796,0,175
1729780.147,af59,189,115,-804,0,176
1729788.12,af59,185,110,-801,0,177
1729796.117,af59,175,97,-825,0,178
1729804.118,af59,174,109,-800,0,179
1729812.117,af59,179,109,-799,0,180
1729820.11,af59,169,115,-819,0,181
1729828.094,af59,178,113,-796,0,182
1729836.065,af59,191,118,-810,0,183
1729844.041,af59,182,123,-802,0,184
1729852.012,af59,166,118,-798,0,185
1729859.977,af59,170,131,-808,0,186
1729867.942,af59,179,124,-794,0,187
1729875.917,af59,178,115,-809,0,188
1729883.889,af59,167,105,-810,0,189
1729891.857,af59,180,102,-798,0,190
1729899.83,af59,177,115,-802,0,191
1729907.799,af59,179,112,-801,0,192
1729915.758,af59,184,104,-801,0,193
1729923.715,af59,174,129,-811,0,194
1729931.672,af59,179,116,-814,0,195
1729939.634,af59,186,105,-799,0,196
1729947.587,af59,188,111,-816,0,197
1729955.546,af59,170,108,-793,0,198
1729963.508,af59,184,127,-811,0,199
1729971.47,af59,184,121,-809,0,200
1729979.437,af59,179,108,-796,0,201
1729987.42,af59,188,122,-806,0,202
1729995.392,af59,184,109,-809,0,203
1730003.368,af59,171,110,-801,0,204
1730011.334,af59,168,116,-808,0,205
1730019.301,af59,165,115,-805,0,206
1730027.272,af59,180,105,-806,0,207
1730035.234,af59,178,119,-807,0,208
1730043.192,af59,184,116,-808,0,209
1730051.144,af59,186,127,-814,0,210
1730059.101,af59,198,118,-800,0,211
1730067.069,af59,172,125,-808,0,212
1730075.042,af59,176,117,-801,0,213
1730083.005,af59,165,112,-797,0,214
1730090.978,af59,188,103,-804,0,215
1730098.948,af59,191,123,-804,0,216
1730106.925,af59,185,107,-810,0,217
1730114.894,af59,180,121,-803,0,218
1730122.867,af59,189,110,-802,0,219
1730130.841,af59,181,102,-810,0,220
1730138.807,af59,192,111,-797,0,221
1730146.775,af59,186,118,-783,0,222
1730154.747,af59,176,110,-795,0,223
1730162.717,af59,199,102,-807,0,224
1730170.684,af59,191,101,-795,0,225
1730178.646,af59,183,123,-797,0,226
1730186.595,af59,176,118,-797,0,227
1730194.547,af59,167,102,-803,0,228
1730202.501,af59,172,114,-794,0,229
1730210.462,af59,176,115,-806,0,230
1730218.425,af59,183,102,-809,0,231
1730226.391,af59,188,109,-795,0,232
1730234.363,af59,186,94,-792,0,233
1730242.316,af59,165,124,-804,0,234
1730250.281,af59,174,108,-790,0,235
1730258.236,af59,167,118,-806,0,236
1730266.193,af59,185,109,-795,0,237
1730274.168,af59,175,107,-794,0,238
1730282.125,af59,176,103,-797,0,239
1730290.073,af59,170,104,-800,0,240
1730298.024,af59,186,107,-801,0,241
1730305.977,af59,166,119,-796,0,242
1730313.936,af59,181,119,-813,0,243
1730321.898,af59,187,111,-799,0,244
1730329.862,af59,178,110,-800,0,245
1730337.831,af59,179,106,-791,0,246
1730345.792,af59,193,119,-808,0,247
1730353.757,af59,175,111,-810,0,248
1730361.731,af59,180,115,-792,0,249
1730369.687,af59,174,123,-810,0,250
1730377.644,af59,171,119,-806,0,251
1730385.59,af59,190,122,-799,0,252
1730393.541,af59,175,122,-801,0,253
1730401.498,af59,175,107,-792,0,254
1730409.454,af59,185,115,-802,0,255
1730417.4,af59,185,112,-789,0,0
1730425.354,af59,181,123,-807,0,1
1730433.317,af59,172,117,-804,0,2
1730441.277,af59,183,107,-805,0,3
1730449.246,af59,197,109,-799,0,4
1730457.216,af59,176,123,-810,0,5
1730465.172,af59,186,107,-785,0,6
1730473.132,af59,182,115,-804,0,7
1730481.093,af59,186,122,-822,0,8
1730489.055,af59,192,115,-808,0,9
1730497.004,af59,169,112,-812,0,10
1730504.96,af59,182,123,-817,0,11
1730512.933,af59,175,103,-800,0,12
1730520.901,af59,190,104,-802,0,13
1730528.872,af59,183,115,-798,0,14
1730536.846,af59,181,112,-811,0,15
1730544.825,af59,170,120,-809,0,16
1730552.806,af59,170,125,-807,0,17
1730560.776,af59,173,102,-804,0,18
1730568.77,af59,182,119,-800,0,19
1730576.758,af59,180,125,-804,0,20
1730584.732,af59,170,118,-801,0,21
1730592.712,af59,178,119,-801,0,22
1730600.7,af59,181,123,-801,0,23
1730608.674,af59,179,120,-806,0,24
1730616.632,af59,188,116,-800,0,25
1730624.581,af59,170,119,-815,0,26
1730632.54,af59,173,113,-803,0,27
1730640.506,af59,174,114,-816,0,28
1730648.47,af59,181,121,-815,0,29
1730656.432,af59,182,127,-810,0,30
1730664.394,af59,182,113,-803,0,31
1730672.347,af59,179,118,-812,0,32
1730680.296,af59,184,107,-804,0,33
1730688.245,af59,172,118,-798,0,34
1730696.195,af59,188,109,-796,0,35
1730704.165,af59,175,110,-800,0,36
1730712.132,af59,171,114,-805,0,37
1730720.117,af59,180,117,-798,0,38
1730728.087,af59,191,113,-804,0,39
1730736.048,af59,179,111,-812,0,40
1730744.025,af59,168,117,-803,0,41
1730751.997,af59,181,104,-800,0,42
1730759.967,af59,185,116,-818,0,43
1730767.937,af59,178,111,-813,0,44
1730775.908,af59,178,111,-801,0,45
1730783.876,af59,172,110,-813,0,46
1730791.846,af59,169,104,-811,0,47
1730799.813,af59,187,119,-807,0,48
1730807.774,af59,182,115,-809,0,49
1730815.738,af59,176,124,-805,0,50
1730823.686,af59,193,118,-813,0,51
1730831.643,af59,178,110,-818,0,52
1730839.597,af59,173,110,-817,0,53
1730847.556,af59,173,114,-811,0,54
1730855.517,af59,174,117,-801,0,55
1730863.475,af59,180,120,-806,0,56
1730871.437,af59,171,100,-792,0,57
1730879.392,af59,176,118,-808,0,58
1730887.357,af59,183,108,-800,0,59
1730895.327,af59,185,121,-803,0,60
1730903.291,af59,163,117,-814,0,61
1730911.247,af59,166,115,-805,0,62
1730919.207,af59,190,116,-798,0,63
1730927.163,af59,176,119,-803,0,64
1730935.115,af59,178,127,-806,0,65
1730943.076,af59,173,113,-799,0,66
1730951.046,af59,177,108,-801,0,67
1730959.022,af59,174,116,-806,0,68
1730966.997,af59,179,114,-795,0,69
1730974.962,af59,195,129,-802,0,70
1730982.915,af59,184,114,-803,0,71
1730990.87,af59,178,129,-806,0,72
1730998.828,af59,188,111,-804,0,73
1731006.787,af59,191,127,-792,0,74
1731014.754,af59,185,107,-799,0,75
1731022.716,af59,165,114,-803,0,76
1731030.677,af59,191,129,-798,0,77
1731038.623,af59,169,119,-806,0,78
1731046.578,af59,179,114,-805,0,79
1731054.522,af59,187,118,-796,0,80
1731062.479,af59,180,107,-816,0,81
1731070.442,af59,183,107,-803,0,82
1731078.401,af59,183,113,-799,0,83
1731086.359,af59,190,114,-804,0,84
1731094.314,af59,170,115,-795,0,85
1731102.277,af59,170,107,-798,0,86
1731110.242,af59,178,112,-798,0,87
1731118.207,af59,174,99,-799,0,88
1731126.177,af59,173,110,-810,0,89
1731134.147,af59,174,107,-803,0,90
1731142.121,af59,175,105,-804,0,91
1731150.087,af59,178,122,-810,0,92
1731158.053,af59,181,105,-799,0,93
1731166.022,af59,177,114,-795,0,94
1731173.985,af59,178,112,-813,0,95
1731181.945,af59,182,129,-797,0,96
1731189.905,af59,187,99,-808,0,97
1731197.867,af59,174,123,-788,0,98
1731205.837,af59,194,119,-804,0,99
1731213.802,af59,192,120,-807,0,100
1731221.764,af59,182,114,-823,0,101
1731229.713,af59,177,125,-801,0,102
1731237.668,af59,179,122,-792,0,103
1731245.632,af59,180,116,-800,0,104
1731253.595,af59,162,113,-807,0,105
1731261.564,af59,189,113,-789,0,106
1731269.517,af59,174,110,-806,0,107
1731277.481,af59,191,125,-789,0,108
1731285.437,af59,168,115,-798,0,109
1731293.388,af59,162,107,-800,0,110
1731301.342,af59,171,106,-794,0,111
1731309.288,af59,180,105,-812,0,112
1731317.232,af59,186,110,-802,0,113
1731325.19,af59,176,113,-804,0,114
1731333.139,af59,167,114,-806,0,115
1731341.075,af59,195,114,-797,0,116
1731349.044,af59,172,111,-802,0,117
1731357.026,af59,177,119,-798,0,118
1731364.994,af59,179,113,-806,0,119
1731372.957,af59,178,111,-803,0,120
1731380.934,af59,175,106,-794,0,121
1731388.91,af59,193,110,-814,0,122
1731396.876,af59,181,108,-806,0,123
1731404.85,af59,170,125,-797,0,124
1731412.824,af59,184,108,-803,0,125
1731420.804,af59,173,116,-797,0,126
1731428.787,af59,164,119,-797,0,127
1731436.763,af59,184,123,-791,0,128
1731444.745,af59,174,112,-795,0,129
1731452.729,af59,183,124,-809,0,130
1731460.707,af59,180,103,-791,0,131
1731468.683,af59,179,112,-799,0,132
1731476.667,af59,181,100,-805,0,133
1731484.648,af59,182,105,-815,0,134
1731492.629,af59,190,103,-812,0,135
1731500.615,af59,180,109,-807,0,136
1731508.598,af59,184,118,-804,0,137
1731516.588,af59,177,102,-800,0,138
1731524.576,af59,177,109,-801,0,139
1731532.552,af59,178,111,-800,0,140
1731540.537,af59,168,107,-799,0,141
1731548.519,af59,166,114,-808,0,142
1731556.502,af59,170,117,-801,0,143
1731564.48,af59,191,119,-794,0,144
1731572.457,af59,175,111,-806,0,145
1731580.44,af59,191,114,-795,0,146
1731588.408,af59,188,112,-808,0,147
1731596.383,af59,179,112,-806,0,148
1731604.353,af59,174,113,-803,0,149
1731612.331,af59,184,102,-791,0,150
1731620.309,af59,188,119,-790,0,151
1731628.285,af59,183,116,-803,0,152
1731636.265,af59,177,107,-809,0,153
1731644.247,af59,177,117,-807,0,154
1731652.222,af59,179,118,-797,0,155
1731660.2,af59,179,100,-795,0,156
1731668.182,af59,180,112,-808,0,157
1731676.162,af59,174,99,-796,0,158
1731684.148,af59,185,118,-796,0,159
1731692.132,af59,178,99,-796,0,160
1731700.112,af59,194,110,-800,0,161
1731708.099,af59,183,114,-804,0,162
1731716.088,af59,180,126,-800,0,163
1731724.086,af59,168,121,-801,0,164
1731732.078,af59,189,115,-807,0,165
1731740.072,af59,177,111,-796,0,166
1731748.072,af59,180,119,-797,0,167
1731756.062,af59,173,104,-794,0,168
1731764.042,af59,188,113,-789,0,169
1731772.022,af59,190,113,-826,0,170
1731780.012,af59,183,113,-801,0,171
1731788.005,af59,169,125,-799,0,172
1731795.997,af59,172,102,-800,0,173
1731803.975,af59,173,112,-793,0,174
1731811.962,af59,173,111,-796,0,175
1731819.957,af59,181,109,-806,0,176
1731827.949,af59,184,115,-796,0,177
1731835.941,af59,172,113,-808,0,178
1731843.938,af59,177,111,-800,0,179
1731851.932,af59,170,112,-813,0,180
1731859.922,af59,175,108,-811,0,181
1731867.917,af59,183,123,-798,0,182
1731875.907,af59,179,117,-798,0,183
1731883.899,af59,177,112,-803,0,184
1731891.892,af59,171,106,-804,0,185
1731899.886,af59,182,125,-804,0,186
1731907.882,af59,183,117,-809,0,187
1731915.88,af59,177,97,-799,0,188
1731923.867,af59,176,120,-802,0,189
1731931.849,af59,186,113,-813,0,190
1731939.83,af59,174,113,-808,0,191
1731947.818,af59,164,118,-810,0,192
1731955.801,af59,184,113,-793,0,193
1731963.787,af59,193,106,-808,0,194
1731971.774,af59,188,109,-815,0,195
1731979.769,af59,181,113,-816,0,196
1731987.767,af59,185,119,-805,0,197
1731995.749,af59,187,113,-797,0,198
1732003.728,af59,191,118,-803,0,199
1732011.706,af59,176,114,-805,0,200
1732019.707,af59,184,121,-803,0,201
1732027.729,af59,183,123,-804,0,202
1732035.752,af59,170,107,-814,0,203
1732043.778,af59,198,111,-810,0,204
1732051.804,af59,173,121,-798,0,205
1732059.829,af59,182,102,-795,0,206
1732067.853,af59,185,135,-807,0,207
1732075.879,af59,177,110,-800,0,208
1732083.896,af59,183,127,-808,0,209
1732091.912,af59,173,114,-805,0,210
1732099.92,af59,181,115,-813,0,211
1732107.927,af59,174,116,-806,0,212
1732115.941,af59,197,121,-803,0,213
1732123.959,af59,175,111,-793,0,214
1732131.986,af59,176,113,-814,0,215
1732140.009,af59,171,116,-820,0,216
1732148.035,af59,172,109,-798,0,217
1732156.045,af59,168,110,-802,0,218
1732164.032,af59,178,117,-804,0,219
1732172.031,af59,181,108,-796,0,220
1732180.01,af59,175,116,-797,0,221
1732187.994,af59,177,109,-812,0,222
1732195.977,af59,182,96,-808,0,223
1732203.954,af59,173,123,-804,0,224
1732211.937,af59,186,101,-805,0,225
1732219.926,af59,174,102,-797,0,226
1732227.909,af59,178,103,-793,0,227
1732235.881,af59,187,106,-810,0,228
1732243.857,af59,178,115,-807,0,229
1732251.833,af59,168,117,-802,0,230
1732259.813,af59,180,120,-787,0,231
1732267.795,af59,188,101,-807,0,232
1732275.772,af59,182,125,-793,0,233
1732283.751,af59,199,124,-804,0,234
1732291.729,af59,184,110,-806,0,235
1732299.702,af59,186,111,-795,0,236
1732307.674,af59,179,108,-803,0,237
1732315.647,af59,179,118,-809,0,238
1732323.619,af59,189,107,-807,0,239
1732331.607,af59,188,107,-798,0,240
1732339.592,af59,164,117,-799,0,241
1732347.58,af59,180,116,-810,0,242
1732355.575,af59,184,103,-804,0,243
1732363.553,af59,174,116,-798,0,244
1732371.532,af59,190,119,-800,0,245
1732379.518,af59,190,107,-799,0,246
1732387.505,af59,179,120,-803,0,247
1732395.492,af59,180,105,-800,0,248
1732403.486,af59,189,111,-808,0,249
1732411.471,af59,183,111,-812,0,250
1732419.46,af59,174,113,-803,0,251
1732427.44,af59,181,112,-798,0,252
1732435.421,af59,183,114,-804,0,253
1732443.404,af59,176,107,-795,0,254
1732451.387,af59,186,116,-789,0,255
1732459.349,af59,180,112,-795,0,0
1732467.318,af59,175,118,-799,0,1
1732475.297,af59,175,129,-811,0,2
1732483.275,af59,193,109,-807,0,3
1732491.242,af59,176,132,-801,0,4
1732499.214,af59,175,122,-813,0,5
1732507.183,af59,178,116,-808,0,6
1732515.155,af59,182,107,-790,0,7
1732523.121,af59,185,120,-811,0,8
1732531.073,af59,166,109,-801,0,9
1732539.037,af59,178,108,-800,0,10
1732547.002,af59,183,102,-800,0,11
1732554.959,af59,166,114,-802,0,12
1732562.922,af59,175,108,-804,0,13
1732570.88,af59,167,109,-811,0,14
1732578.85,af59,181,115,-808,0,15
1732586.817,af59,178,105,-803,0,16
1732594.78,af59,190,102,-810,0,17
1732602.745,af59,188,119,-797,0,18
1732610.705,af59,178,111,-806,0,19
1732618.658,af59,177,115,-813,0,20
1732626.615,af59,173,117,-807,0,21
1732634.564,af59,188,100,-798,0,22
1732642.515,af59,201,112,-793,0,23
1732650.46,af59,171,115,-810,0,24
1732658.411,af59,185,115,-808,0,25
1732666.357,af59,188,133,-796,0,26
1732674.303,af59,166,135,-808,0,27
1732682.248,af59,199,113,-804,0,28
1732690.205,af59,176,130,-799,0,29
1732698.159,af59,173,133,-793,0,30
1732706.12,af59,171,121,-792,0,31
1732714.071,af59,181,119,-818,0,32
1732722.027,af59,163,106,-801,0,33
1732729.993,af59,169,111,-789,0,34
1732737.962,af59,186,129,-814,0,35
1732745.926,af59,183,99,-811,0,36
1732753.878,af59,187,115,-809,0,37
1732761.826,af59,186,117,-810,0,38
1732769.766,af59,187,118,-798,0,39
1732777.715,af59,170,123,-808,0,40
1732785.672,af59,174,108,-808,0,41
1732793.642,af59,180,117,-800,0,42
1732801.599,af59,179,110,-798,0,43
1732809.557,af59,186,105,-803,0,44
1732817.511,af59,183,119,-806,0,45
1732825.472,af59,182,122,-798,0,46
1732833.422,af59,177,117,-802,0,47
1732841.373,af59,180,109,-803,0,48
1732849.333,af59,180,120,-789,0,49
1732857.297,af59,174,119,-807,0,50
1732865.261,af59,179,122,-812,0,51
1732873.203,af59,160,127,-793,0,52
1732881.155,af59,194,107,-806,0,53
1732889.11,af59,186,122,-791,0,54
1732897.056,af59,176,121,-803,0,55
1732905.011,af59,168,119,-815,0,56
1732912.953,af59,177,92,-796,0,57
1732920.913,af59,186,112,-804,0,58
1732928.875,af59,172,123,-799,0,59
1732936.841,af59,179,118,-799,0,60
1732944.792,af59,181,120,-815,0,61
1732952.747,af59,173,127,-813,0,62
1732960.699,af59,172,121,-796,0,63
1732968.64,af59,170,123,-813,0,64
1732976.585,af59,168,126,-812,0,65
1732984.537,af59,186,123,-808,0,66
1732992.485,af59,188,110,-802,0,67
1733000.437,af59,172,113,-808,0,68
1733008.386,af59,188,121,-799,0,69
1733016.337,af59,180,110,-796,0,70
1733024.295,af59,166,117,-806,0,71
1733032.249,af59,183,105,-804,0,72
1733040.202,af59,183,111,-782,0,73
1733048.144,af59,173,118,-797,0,74
1733056.083,af59,181,122,-820,0,75
1733064.028,af59,177,106,-816,0,76
1733071.968,af59,182,115,-813,0,77
1733079.905,af59,180,118,-793,0,78
1733087.853,af59,182,115,-812,0,79
1733095.803,af59,183,122,-795,0,80
1733103.766,af59,177,113,-803,0,81
1733111.727,af59,175,109,-803,0,82
1733119.682,af59,173,112,-821,0,83
1733127.642,af59,167,124,-811,0,84
1733135.604,af59,188,122,-814,0,85
1733143.561,af59,172,109,-800,0,86
1733151.511,af59,187,118,-812,0,87
1733159.467,af59,188,109,-801,0,88
1733167.429,af59,174,116,-816,0,89
1733175.386,af59,175,108,-804,0,90
1733183.334,af59,176,116,-800,0,91
1733191.284,af59,182,133,-797,0,92
1733199.235,af59,175,119,-801,0,93
1733207.19,af59,179,119,-802,0,94
1733215.145,af59,174,99,-785,0,95
1733223.102,af59,175,100,-808,0,96
1733231.06,af59,172,121,-801,0,97
1733239.025,af59,186,125,-802,0,98
1733246.97,af59,189,115,-791,0,99
1733254.917,af59,179,111,-807,0,100
1733262.876,af59,185,116,-795,0,101
1733270.833,af59,183,110,-801,0,102
1733278.78,af59,201,113,-804,0,103
1733286.723,af59,187,105,-808,0,104
1733294.678,af59,182,105,-802,0,105
1733302.645,af59,174,115,-814,0,106
1733310.611,af59,181,113,-810,0,107
1733318.568,af59,184,120,-791,0,108
1733326.518,af59,163,123,-791,0,109
1733334.475,af59,183,118,-804,0,110
1733342.431,af59,171,105,-792,0,111
1733350.388,af59,185,100,-799,0,112
1733358.347,af59,167,97,-791,0,113
1733366.306,af59,188,120,-814,0,114
1733374.281,af59,185,123,-801,0,115
1733382.259,af59,195,121,-797,0,116
1733390.234,af59,180,101,-820,0,117
1733398.207,af59,183,112,-808,0,118
1733406.177,af59,182,111,-814,0,119
1733414.142,af59,184,128,-800,0,120
1733422.112,af59,176,113,-794,0,121
1733430.074,af59,183,110,-794,0,122
1733438.032,af59,193,114,-797,0,123
1733445.99,af59,175,123,-808,0,124
1733453.941,af59,198,112,-808,0,125
1733461.885,af59,177,121,-816,0,126
1733469.832,af59,168,117,-797,0,127
1733477.783,af59,190,126,-805,0,128
1733485.741,af59,172,129,-801,0,129
1733493.705,af59,185,116,-804,0,130
1733501.664,af59,192,109,-809,0,131
1733509.629,af59,186,107,-802,0,132
1733517.592,af59,178,120,-805,0,133
1733525.551,af59,172,115,-811,0,134
1733533.516,af59,186,125,-809,0,135
1733541.48,af59,198,120,-807,0,136
1733549.447,af59,180,120,-796,0,137
1733557.409,af59,176,115,-815,0,138
1733565.37,af59,187,110,-817,0,139
1733573.327,af59,183,124,-809,0,140
1733581.283,af59,169,109,-803,0,141
1733589.244,af59,174,115,-806,0,142
1733597.207,af59,168,117,-815,0,143
1733605.174,af59,190,130,-800,0,144
1733613.143,af59,192,113,-808,0,145
1733621.112,af59,186,122,-796,0,146
1733629.07,af59,182,125,-804,0,147
1733637.026,af59,176,129,-803,0,148
1733644.984,af59,172,106,-802,0,149
1733652.937,af59,182,121,-796,0,150
1733660.897,af59,163,113,-804,0,151
1733668.864,af59,169,127,-812,0,152
1733676.827,af59,181,110,-799,0,153
1733684.792,af59,175,112,-812,0,154
1733692.779,af59,175,108,-798,0,155
1733700.757,af59,178,109,-801,0,156
1733708.737,af59,194,100,-805,0,157
1733716.713,af59,174,112,-795,0,158
1733724.697,af59,181,120,-801,0,159
1733732.678,af59,185,123,-795,0,160
1733740.657,af59,191,119,-797,0,161
1733748.642,af59,173,120,-813,0,162
1733756.632,af59,187,114,-797,0,163
1733764.613,af59,184,138,-798,0,164
1733772.606,af59,176,127,-808,0,165
1733780.59,af59,187,106,-800,0,166
1733788.568,af59,178,117,-797,0,167
1733796.55,af59,168,116,-800,0,168
1733804.529,af59,171,120,-810,0,169
1733812.506,af59,182,112,-808,0,170
1733820.487,af59,171,126,-804,0,171
1733828.472,af59,183,109,-803,0,172
1733836.452,af59,175,113,-800,0,173
1733844.426,af59,182,115,-799,0,174
1733852.392,af59,180,112,-806,0,175
1733860.358,af59,170,117,-797,0,176
1733868.325,af59,176,123,-798,0,177
1733876.297,af59,187,137,-809,0,178
1733884.268,af59,173,127,-803,0,179
1733892.247,af59,190,124,-812,0,180
1733900.235,af59,187,120,-811,0,181
1733908.22,af59,185,111,-794,0,182
1733916.207,af59,181,133,-812,0,183
1733924.2,af59,174,115,-798,0,184
1733932.185,af59,162,107,-804,0,185
1733940.161,af59,195,125,-800,0,186
1733948.136,af59,194,122,-799,0,187
1733956.115,af59,185,110,-797,0,188
1733964.094,af59,177,107,-812,0,189
1733972.077,af59,185,117,-806,0,190
1733980.054,af59,189,118,-809,0,191
1733988.034,af59,181,118,-794,0,192
1733996.025,af59,176,113,-810,0,193
1734004.017,af59,187,115,-795,0,194
1734012.0,af59,197,101,-799,0,195
1734019.989,af59,192,103,-812,0,196
1734027.975,af59,200,121,-799,0,197
1734035.962,af59,172,109,-800,0,198
1734043.947,af59,182,106,-812,0,199
1734051.931,af59,192,123,-792,0,200
1734059.916,af59,189,106,-808,0,201
1734067.898,af59,170,111,-789,0,202
1734075.879,af59,165,91,-796,0,203
1734083.864,af59,174,112,-800,0,204
1734091.837,af59,177,107,-803,0,205
1734099.806,af59,167,116,-805,0,206
1734107.787,af59,176,128,-797,0,207
1734115.765,af59,186,111,-803,0,208
1734123.742,af59,191,115,-816,0,209
1734131.718,af59,180,115,-814,0,210
1734139.7,af59,186,117,-814,0,211
1734147.683,af59,174,114,-805,0,212
1734155.67,af59,170,116,-795,0,213
1734163.649,af59,181,117,-797,0,214
1734171.621,af59,181,110,-820,0,215
1734179.603,af59,178,118,-798,0,216
1734187.594,af59,174,127,-805,0,217
1734195.595,af59,187,117,-793,0,218
1734203.619,af59,180,108,-800,0,219
1734211.631,af59,167,109,-803,0,220
1734219.648,af59,182,107,-796,0,221
1734227.669,af59,182,111,-806,0,222
1734235.688,af59,171,122,-800,0,223
1734243.707,af59,172,113,-798,0,224
1734251.728,af59,164,112,-806,0,225
1734259.717,af59,176,109,-798,0,226
1734267.7,af59,179,122,-808,0,227
1734275.687,af59,171,116,-809,0,228
1734283.673,af59,182,115,-808,0,229
1734291.673,af59,174,116,-812,0,230
1734299.658,af59,171,119,-796,0,231
1734307.658,af59,180,125,-789,0,232
1734315.642,af59,181,124,-800,0,233
1734323.632,af59,186,127,-795,0,234
1734331.618,af59,185,114,-804,0,235
1734339.612,af59,188,117,-803,0,236
1734347.61,af59,176,122,-795,0,237
1734355.6,af59,180,110,-797,0,238
1734363.595,af59,178,119,-807,0,239
1734371.592,af59,184,111,-807,0,240
1734379.572,af59,172,118,-805,0,241
1734387.552,af59,172,108,-814,0,242
1734395.537,af59,176,125,-795,0,243
1734403.534,af59,185,122,-811,0,244
1734411.523,af59,179,102,-799,0,245
1734419.511,af59,185,117,-805,0,246
1734427.502,af59,190,113,-804,0,247
1734435.5,af59,156,139,-811,0,248
1734443.505,af59,200,132,-806,0,249
1734451.497,af59,181,118,-794,0,250
1734459.499,af59,186,126,-816,0,251
1734467.505,af59,186,109,-804,0,252
1734475.513,af59,180,121,-807,0,253
1734483.523,af59,182,116,-816,0,254
1734491.534,af59,174,125,-806,0,255
1734499.544,af59,179,117,-804,0,0
1734507.544,af59,181,123,-794,0,1
1734515.54,af59,169,118,-803,0,2
1734523.538,af59,181,112,-794,0,3
1734531.536,af59,189,98,-796,0,4
1734539.529,af59,172,117,-805,0,5
1734547.522,af59,188,106,-803,0,6
1734555.507,af59,188,102,-793,0,7
1734563.502,af59,183,118,-801,0,8
1734571.487,af59,167,123,-803,0,9
1734579.477,af59,185,127,-811,0,10
1734587.455,af59,174,110,-809,0,11
1734595.432,af59,169,138,-797,0,12
1734603.415,af59,188,102,-814,0,13
1734611.404,af59,182,113,-792,0,14
1734619.398,af59,173,118,-787,0,15
1734627.391,af59,180,111,-803,0,16
1734635.392,af59,188,130,-792,0,17
1734643.394,af59,183,108,-810,0,18
1734651.388,af59,178,106,-808,0,19
1734659.369,af59,187,108,-804,0,20
1734667.357,af59,201,115,-795,0,21
1734675.347,af59,187,127,-802,0,22
1734683.336,af59,180,103,-799,0,23
1734691.327,af59,182,126,-792,0,24
1734699.326,af59,184,107,-791,0,25
1734707.331,af59,190,123,-800,0,26
1734715.323,af59,175,115,-797,0,27
1734723.312,af59,179,110,-807,0,28
1734731.297,af59,172,114,-804,0,29
1734739.291,af59,183,130,-805,0,30
1734747.284,af59,191,119,-798,0,31
1734755.277,af59,174,96,-787,0,32
1734763.277,af59,178,127,-808,0,33
1734771.285,af59,200,99,-796,0,34
1734779.292,af59,187,103,-812,0,35
1734787.297,af59,185,123,-805,0,36
1734795.293,af59,175,110,-811,0,37
1734803.291,af59,195,123,-800,0,38
1734811.287,af59,183,127,-806,0,39
1734819.273,af59,176,117,-812,0,40
1734827.267,af59,181,100,-818,0,41
1734835.247,af59,190,109,-804,0,42
1734843.242,af59,181,115,-789,0,43
1734851.239,af59,185,116,-804,0,44
1734859.226,af59,176,112,-806,0,45
1734867.211,af59,182,111,-805,0,46
1734875.195,af59,172,115,-796,0,47
1734883.187,af59,178,112,-814,0,48
1734891.174,af59,182,113,-809,0,49
1734899.167,af59,191,112,-800,0,50
1734907.158,af59,184,111,-791,0,51
1734915.158,af59,173,115,-798,0,52
1734923.152,af59,179,121,-795,0,53
1734931.146,af59,185,131,-811,0,54
1734939.133,af59,195,122,-801,0,55
1734947.112,af59,174,116,-807,0,56
1734955.087,af59,187,115,-800,0,57
1734963.066,af59,183,113,-818,0,58
1734971.053,af59,194,113,-816,0,59
1734979.045,af59,170,121,-796,0,60
1734987.032,af59,193,109,-804,0,61
1734995.023,af59,182,120,-805,0,62
1735003.017,af59,189,123,-793,0,63
1735011.019,af59,189,112,-808,0,64
1735019.018,af59,186,112,-806,0,65
1735027.013,af59,169,122,-809,0,66
1735035.016,af59,189,125,-805,0,67
1735043.018,af59,176,100,-798,0,68
1735051.014,af59,173,119,-811,0,69
1735059.005,af59,175,113,-805,0,70
1735066.993,af59,184,125,-804,0,71
1735074.982,af59,171,120,-810,0,72
1735082.975,af59,174,113,-800,0,73
1735090.959,af59,188,102,-802,0,74
1735098.951,af59,182,117,-812,0,75
1735106.946,af59,175,120,-800,0,76
1735114.94,af59,165,116,-795,0,77
1735122.942,af59,181,113,-790,0,78
1735130.932,af59,180,110,-806,0,79
1735138.931,af59,181,115,-796,0,80
1735146.93,af59,170,117,-799,0,81
1735154.927,af59,176,118,-793,0,82
1735162.932,af59,174,107,-803,0,83
1735170.93,af59,187,112,-808,0,84
1735178.93,af59,176,115,-805,0,85
1735186.927,af59,186,111,-804,0,86
1735194.929,af59,184,114,-797,0,87
1735202.933,af59,176,105,-803,0,88
1735210.928,af59,174,119,-811,0,89
1735218.932,af59,173,100,-816,0,90
1735226.952,af59,174,112,-802,0,91
1735234.974,af59,168,119,-795,0,92
1735242.977,af59,169,110,-793,0,93
1735250.966,af59,180,104,-810,0,94
1735258.955,af59,187,113,-813,0,95
1735266.959,af59,188,117,-802,0,96
1735274.965,af59,178,107,-813,0,97
1735282.975,af59,197,114,-804,0,98
1735290.978,af59,184,109,-792,0,99
1735298.976,af59,186,100,-816,0,100
1735306.978,af59,178,107,-812,0,101
1735314.974,af59,165,112,-808,0,102
1735322.967,af59,183,118,-807,0,103
1735330.96,af59,176,93,-806,0,104
1735338.957,af59,177,111,-800,0,105
1735346.952,af59,183,117,-810,0,106
1735354.952,af59,190,107,-805,0,107
1735362.957,af59,199,112,-808,0,108
1735370.953,af59,177,116,-808,0,109
1735378.948,af59,180,109,-803,0,110
1735386.938,af59,186,101,-811,0,111
1735394.932,af59,186,112,-801,0,112
1735402.924,af59,183,112,-807,0,113
1735410.919,af59,179,113,-805,0,114
1735418.905,af59,186,125,-813,0,115
1735426.881,af59,178,128,-803,0,116
1735434.858,af59,177,114,-811,0,117
1735442.836,af59,172,110,-800,0,118
1735450.807,af59,193,132,-793,0,119
1735458.803,af59,181,116,-797,0,120
1735466.793,af59,180,117,-797,0,121
1735474.787,af59,190,108,-800,0,122
1735482.776,af59,180,135,-809,0,123
1735490.77,af59,168,116,-808,0,124
1735498.757,af59,191,128,-818,0,125
1735506.743,af59,179,121,-795,0,126
1735514.736,af59,192,121,-800,0,127
1735522.717,af59,188,115,-805,0,128
1735530.713,af59,176,104,-806,0,129
1735538.706,af59,182,123,-809,0,130
1735546.695,af59,172,119,-802,0,131
1735554.685,af59,189,101,-808,0,132
1735562.665,af59,189,116,-797,0,133
1735570.652,af59,176,118,-804,0,134
1735578.635,af59,165,126,-799,0,135
1735586.623,af59,186,105,-811,0,136
1735594.612,af59,188,126,-799,0,137
1735602.604,af59,180,121,-796,0,138
1735610.593,af59,168,117,-796,0,139
1735618.593,af59,193,115,-807,0,140
1735626.589,af59,185,117,-795,0,141
1735634.589,af59,169,114,-803,0,142
1735642.586,af59,187,123,-798,0,143
1735650.585,af59,184,128,-802,0,144
1735658.582,af59,182,119,-804,0,145
1735666.567,af59,177,124,-800,0,146
1735674.554,af59,166,119,-804,0,147
1735682.533,af59,180,122,-804,0,148
1735690.512,af59,183,112,-814,0,149
1735698.492,af59,194,104,-800,0,150
1735706.472,af59,182,125,-801,0,151
1735714.46,af59,183,121,-805,0,152
1735722.437,af59,185,121,-802,0,153
1735730.422,af59,190,123,-821,0,154
1735738.403,af59,177,114,-808,0,155
1735746.392,af59,178,111,-807,0,156
1735754.378,af59,168,109,-800,0,157
1735762.371,af59,177,117,-797,0,158
1735770.362,af59,171,113,-807,0,159
1735778.346,af59,189,130,-787,0,160
1735786.332,af59,197,110,-803,0,161
1735794.317,af59,175,125,-808,0,162
1735802.308,af59,179,127,-794,0,163
1735810.29,af59,172,117,-792,0,164
1735818.27,af59,172,121,-810,0,165
1735826.257,af59,191,111,-814,0,166
1735834.235,af59,186,124,-797,0,167
1735842.211,af59,181,125,-805,0,168
1735850.192,af59,169,109,-788,0,169
1735858.178,af59,185,111,-808,0,170
1735866.171,af59,175,114,-795,0,171
1735874.165,af59,183,107,-801,0,172
1735882.152,af59,182,121,-802,0,173
1735890.135,af59,187,119,-817,0,174
1735898.117,af59,179,113,-809,0,175
1735906.099,af59,168,109,-804,0,176
1735914.089,af59,179,104,-794,0,177
1735922.075,af59,176,109,-804,0,178
1735930.068,af59,180,110,-810,0,179
1735938.057,af59,188,115,-814,0,180
1735946.047,af59,181,106,-812,0,181
1735954.037,af59,178,127,-807,0,182
1735962.057,af59,181,115,-806,0,183
1735970.072,af59,178,122,-798,0,184
1735978.075,af59,179,125,-802,0,185
1735986.063,af59,189,128,-799,0,186
1735994.047,af59,186,118,-817,0,187
1736002.024,af59,194,115,-797,0,188
1736010.002,af59,161,106,-806,0,189
1736017.982,af59,180,119,-800,0,190
1736025.956,af59,178,123,-790,0,191
1736033.927,af59,170,106,-805,0,192
1736041.898,af59,188,119,-797,0,193
1736049.874,af59,185,113,-797,0,194
1736057.852,af59,191,102,-808,0,195
1736065.837,af59,182,110,-794,0,196
1736073.827,af59,190,109,-809,0,197
1736081.812,af59,175,106,-793,0,198
1736089.797,af59,176,118,-806,0,199
1736097.771,af59,187,109,-803,0,200
1736105.738,af59,168,117,-808,0,201
1736113.708,af59,180,117,-803,0,202
1736121.685,af59,167,108,-796,0,203
1736129.667,af59,192,121,-800,0,204
1736137.644,af59,174,92,-816,0,205
1736145.626,af59,184,117,-818,0,206
1736153.6,af59,185,110,-810,0,207
1736161.577,af59,173,118,-805,0,208
1736169.558,af59,166,101,-804,0,209
1736177.537,af59,185,115,-796,0,210
1736185.542,af59,179,117,-802,0,211
1736193.546,af59,192,109,-795,0,212
1736201.523,af59,179,120,-814,0,213
1736209.477,af59,177,116,-806,0,214
1736217.437,af59,186,127,-805,0,215
1736225.4,af59,168,115,-791,0,216
1736233.374,af59,166,120,-801,0,217
1736241.335,af59,177,110,-807,0,218
1736249.301,af59,179,115,-799,0,219
1736257.262,af59,178,115,-805,0,220
1736265.232,af59,172,98,-797,0,221
1736273.2,af59,183,120,-809,0,222
1736281.151,af59,186,108,-794,0,223
1736289.104,af59,171,122,-801,0,224
1736297.063,af59,177,134,-811,0,225
1736305.013,af59,194,113,-809,0,226
1736312.979,af59,164,124,-816,0,227
1736320.949,af59,179,116,-802,0,228
1736328.912,af59,172,122,-804,0,229
1736336.869,af59,169,110,-804,0,230
1736344.822,af59,183,109,-805,0,231
1736352.775,af59,181,109,-800,0,232
1736360.736,af59,184,105,-809,0,233
1736368.693,af59,188,116,-816,0,234
1736376.638,af59,182,117,-805,0,235
1736384.582,af59,176,101,-806,0,236
1736392.537,af59,199,119,-809,0,237
1736400.483,af59,181,114,-807,0,238
1736408.437,af59,168,106,-808,0,239
1736416.372,af59,189,118,-807,0,240
1736424.323,af59,163,115,-798,0,241
1736432.267,af59,170,110,-809,0,242
1736440.211,af59,176,105,-804,0,243
1736448.162,af59,184,107,-802,0,244
1736456.112,af59,171,117,-804,0,245
1736464.056,af59,172,106,-805,0,246
1736472.004,af59,187,118,-797,0,247
1736479.961,af59,181,107,-804,0,248
1736487.914,af59,185,113,-806,0,249
1736495.863,af59,185,118,-813,0,250
1736503.806,af59,183,118,-798,0,251
1736511.745,af59,178,113,-794,0,252
1736519.688,af59,171,129,-821,0,253
1736527.636,af59,169,129,-801,0,254
1736535.579,af59,192,121,-810,0,255
1736543.53,af59,186,103,-805,0,0
1736551.485,af59,178,107,-804,0,1
1736559.427,af59,178,116,-798,0,2
1736567.371,af59,178,103,-800,0,3
1736575.324,af59,173,104,-804,0,4
1736583.28,af59,184,115,-819,0,5
1736591.237,af59,191,109,-804,0,6
1736599.193,af59,174,114,-798,0,7
1736607.151,af59,171,121,-804,0,8
1736615.1,af59,187,114,-801,0,9
1736623.046,af59,178,130,-805,0,10
1736630.98,af59,184,121,-813,0,11
1736638.923,af59,173,100,-796,0,12
1736646.867,af59,194,123,-804,0,13
1736654.829,af59,172,119,-804,0,14
1736662.788,af59,168,112,-805,0,15
1736670.733,af59,184,113,-799,0,16
1736678.677,af59,178,123,-807,0,17
1736686.637,af59,177,122,-806,0,18
1736694.597,af59,186,116,-796,0,19
1736702.553,af59,186,109,-805,0,20
1736710.502,af59,195,122,-803,0,21
1736718.448,af59,180,106,-808,0,22
1736726.389,af59,185,109,-803,0,23
1736734.343,af59,178,125,-804,0,24
1736742.298,af59,162,99,-799,0,25
1736750.255,af59,191,110,-802,0,26
1736758.212,af59,182,97,-794,0,27
1736766.172,af59,164,114,-808,0,28
1736774.132,af59,174,131,-812,0,29
1736782.087,af59,184,107,-789,0,30
1736790.042,af59,173,114,-813,0,31
1736798.0,af59,164,107,-798,0,32
1736805.96,af59,177,105,-796,0,33
1736813.925,af59,185,117,-806,0,34
1736821.875,af59,184,105,-815,0,35
1736829.817,af59,183,128,-812,0,36
1736837.76,af59,189,104,-804,0,37
1736845.696,af59,176,121,-793,0,38
1736853.633,af59,180,106,-805,0,39
1736861.569,af59,184,114,-797,0,40
1736869.513,af59,185,110,-817,0,41
1736877.452,af59,189,117,-797,0,42
1736885.397,af59,175,107,-809,0,43
1736893.342,af59,172,116,-803,0,44
1736901.282,af59,191,118,-805,0,45
1736909.221,af59,186,104,-800,0,46
1736917.16,af59,180,119,-796,0,47
1736925.102,af59,171,116,-810,0,48
1736933.049,af59,174,121,-807,0,49
1736940.994,af59,174,120,-798,0,50
1736948.937,af59,181,120,-802,0,51
1736956.878,af59,174,108,-804,0,52
1736964.819,af59,163,116,-814,0,53
1736972.751,af59,185,115,-797,0,54
1736980.686,af59,179,113,-806,0,55
1736988.625,af59,170,109,-803,0,56
1736996.568,af59,165,110,-812,0,57
1737004.512,af59,186,117,-811,0,58
1737012.44,af59,176,123,-788,0,59
1737020.374,af59,183,123,-809,0,60
1737028.302,af59,191,119,-793,0,61
1737036.241,af59,188,124,-808,0,62
1737044.187,af59,181,106,-799,0,63
1737052.135,af59,185,107,-810,0,64
1737060.078,af59,179,105,-808,0,65
1737068.026,af59,178,119,-812,0,66
1737075.976,af59,176,127,-808,0,67
1737083.919,af59,183,135,-790,0,68
1737091.866,af59,166,118,-791,0,69
1737099.811,af59,177,101,-801,0,70
1737107.765,af59,181,109,-804,0,71
1737115.72,af59,197,113,-800,0,72
1737123.665,af59,179,118,-805,0,73
1737131.618,af59,185,123,-799,0,74
1737139.577,af59,182,124,-812,0,75
1737147.533,af59,181,123,-811,0,76
1737155.489,af59,171,123,-801,0,77
1737163.45,af59,174,115,-802,0,78
1737171.407,af59,185,110,-810,0,79
1737179.362,af59,190,111,-796,0,80
1737187.31,af59,172,118,-812,0,81
1737195.257,af59,174,113,-800,0,82
1737203.206,af59,173,114,-790,0,83
1737211.166,af59,180,127,-803,0,84
1737219.122,af59,175,113,-806,0,85
1737227.082,af59,190,114,-818,0,86
1737235.03,af59,173,113,-808,0,87
1737242.977,af59,180,133,-817,0,88
1737250.911,af59,186,112,-793,0,89
1737258.843,af59,176,115,-793,0,90
1737266.795,af59,181,122,-802,0,91
1737274.742,af59,168,127,-783,0,92
1737282.687,af59,192,123,-808,0,93
1737290.637,af59,188,112,-791,0,94
1737298.585,af59,164,121,-805,0,95
1737306.529,af59,172,117,-805,0,96
1737314.472,af59,190,102,-807,0,97
1737322.422,af59,184,116,-802,0,98
1737330.367,af59,184,123,-799,0,99
1737338.307,af59,183,126,-795,0,100
1737346.259,af59,183,124,-811,0,101
1737354.207,af59,179,99,-803,0,102
1737362.161,af59,174,121,-796,0,103
1737370.092,af59,188,125,-797,0,104
1737378.021,af59,186,122,-800,0,105
1737385.962,af59,181,104,-812,0,106
1737393.905,af59,188,110,-800,0,107
1737401.852,af59,174,115,-796,0,108
1737409.794,af59,186,111,-813,0,109
1737417.735,af59,178,104,-806,0,110
1737425.673,af59,188,119,-787,0,111
1737433.612,af59,177,121,-808,0,112
1737441.543,af59,187,99,-806,0,113
1737449.489,af59,187,118,-779,0,114
1737457.431,af59,166,124,-804,0,115
1737465.372,af59,181,116,-794,0,116
1737473.317,af59,182,119,-805,0,117
1737481.266,af59,172,118,-807,0,118
1737489.214,af59,190,123,-804,0,119
1737497.157,af59,186,113,-808,0,120
1737505.102,af59,191,107,-793,0,121
1737513.048,af59,169,125,-809,0,122
1737520.993,af59,179,124,-791,0,123
1737528.949,af59,181,105,-800,0,124
1737536.931,af59,182,114,-806,0,125
1737544.912,af59,172,125,-798,0,126
1737552.897,af59,173,112,-786,0,127
1737560.875,af59,178,115,-800,0,128
1737568.855,af59,166,116,-806,0,129
1737576.821,af59,171,118,-796,0,130
1737584.772,af59,182,114,-800,0,131
1737592.72,af59,160,119,-801,0,132
1737600.663,af59,176,113,-804,0,133
1737608.609,af59,187,105,-800,0,134
1737616.554,af59,168,121,-797,0,135
1737624.499,af59,187,114,-818,0,136
1737632.442,af59,180,119,-799,0,137
1737640.382,af59,180,103,-792,0,138
1737648.33,af59,187,121,-791,0,139
1737656.272,af59,175,115,-807,0,140
1737664.217,af59,185,114,-803,0,141
1737672.167,af59,180,126,-807,0,142
1737680.113,af59,183,129,-806,0,143
1737688.066,af59,173,111,-804,0,144
1737696.022,af59,168,109,-800,0,145
1737703.971,af59,166,125,-808,0,146
1737711.919,af59,175,123,-806,0,147
1737719.86,af59,180,114,-805,0,148
1737727.802,af59,195,119,-807,0,149
1737735.737,af59,179,106,-794,0,150
1737743.671,af59,182,126,-800,0,151
1737751.609,af59,179,114,-795,0,152
1737759.541,af59,165,109,-799,0,153
1737767.48,af59,174,108,-806,0,154
1737775.425,af59,179,111,-801,0,155
1737783.369,af59,184,117,-792,0,156
1737791.307,af59,164,111,-802,0,157
1737799.252,af59,199,112,-804,0,158
1737807.207,af59,160,127,-800,0,159
1737815.171,af59,178,108,-806,0,160
1737823.147,af59,188,117,-798,0,161
1737831.117,af59,189,128,-800,0,162
1737839.079,af59,181,116,-791,0,163
1737847.035,af59,184,109,-812,0,164
1737854.999,af59,166,128,-810,0,165
1737862.956,af59,185,113,-808,0,166
1737870.91,af59,172,107,-801,0,167
1737878.858,af59,167,114,-800,0,168
1737886.794,af59,183,108,-806,0,169
1737894.729,af59,175,120,-810,0,170
1737902.676,af59,168,111,-795,0,171
1737910.623,af59,180,120,-797,0,172
1737918.572,af59,183,118,-807,0,173
1737926.511,af59,180,115,-793,0,174
1737934.452,af59,190,117,-793,0,175
1737942.397,af59,166,106,-797,0,176
1737950.347,af59,179,104,-803,0,177
1737958.302,af59,178,122,-802,0,178
1737966.247,af59,191,114,-793,0,179
1737974.203,af59,185,110,-805,0,180
1737982.172,af59,180,105,-799,0,181
1737990.138,af59,176,124,-794,0,182
1737998.104,af59,176,119,-803,0,183
1738006.072,af59,186,116,-798,0,184
1738014.037,af59,179,116,-800,0,185
1738021.988,af59,183,125,-797,0,186
1738029.934,af59,167,97,-814,0,187
1738037.894,af59,186,119,-805,0,188
1738045.85,af59,168,120,-798,0,189
1738053.807,af59,180,123,-807,0,190
1738061.764,af59,178,113,-800,0,191
1738069.724,af59,177,115,-798,0,192
1738077.678,af59,185,134,-813,0,193
1738085.637,af59,180,110,-812,0,194
1738093.607,af59,193,114,-799,0,195
1738101.572,af59,186,115,-817,0,196
1738109.522,af59,180,112,-787,0,197
1738117.477,af59,172,107,-796,0,198
1738125.433,af59,178,125,-812,0,199
1738133.397,af59,189,113,-810,0,200
1738141.352,af59,177,117,-789,0,201
1738149.302,af59,181,106,-805,0,202
1738157.252,af59,177,111,-804,0,203
1738165.199,af59,183,111,-802,0,204
1738173.151,af59,170,111,-804,0,205
1738181.102,af59,175,112,-814,0,206
1738189.06,af59,178,119,-802,0,207
1738197.016,af59,187,97,-801,0,208
1738204.969,af59,183,116,-796,0,209
1738212.922,af59,172,108,-794,0,210
1738220.882,af59,172,131,-807,0,211
1738228.843,af59,172,117,-794,0,212
1738236.807,af59,174,116,-804,0,213
1738244.767,af59,190,119,-807,0,214
1738252.728,af59,175,114,-816,0,215
1738260.693,af59,176,117,-799,0,216
1738268.657,af59,177,107,-812,0,217
1738276.634,af59,179,111,-809,0,218
1738284.605,af59,173,119,-801,0,219
1738292.581,af59,183,116,-807,0,220
1738300.558,af59,166,106,-805,0,221
1738308.534,af59,175,121,-802,0,222
1738316.52,af59,183,123,-794,0,223
1738324.493,af59,178,131,-800,0,224
1738332.478,af59,202,113,-816,0,225
1738340.459,af59,170,100,-805,0,226
1738348.446,af59,188,112,-797,0,227
1738356.425,af59,179,109,-791,0,228
1738364.399,af59,177,102,-810,0,229
1738372.372,af59,184,120,-806,0,230
1738380.336,af59,185,124,-789,0,231
1738388.305,af59,181,107,-801,0,232
1738396.277,af59,176,102,-796,0,233
1738404.231,af59,183,123,-791,0,234
1738412.184,af59,181,111,-801,0,235
1738420.138,af59,168,117,-818,0,236
1738428.106,af59,185,128,-802,0,237
1738436.075,af59,176,119,-812,0,238
1738444.037,af59,176,116,-806,0,239
1738451.997,af59,164,109,-798,0,240
1738459.957,af59,185,120,-802,0,241
1738467.924,af59,175,120,-785,0,242
1738475.888,af59,198,121,-812,0,243
1738483.871,af59,180,116,-792,0,244
1738491.853,af59,173,121,-812,0,245
1738499.842,af59,186,105,-813,0,246
1738507.82,af59,189,100,-812,0,247
1738515.805,af59,178,121,-799,0,248
1738523.788,af59,179,116,-806,0,249
1738531.772,af59,186,121,-789,0,250
1738539.752,af59,190,110,-813,0,251
1738547.729,af59,185,114,-799,0,252
1738555.705,af59,194,127,-795,0,253
1738563.672,af59,164,121,-801,0,254
1738571.637,af59,172,122,-807,0,255
1738579.609,af59,181,124,-807,0,0
1738587.577,af59,178,117,-805,0,1
1738595.554,af59,169,112,-791,0,2
1738603.526,af59,179,106,-793,0,3
1738611.51,af59,184,127,-811,0,4
1738619.525,af59,166,125,-786,0,5
1738627.523,af59,176,105,-793,0,6
1738635.516,af59,192,106,-802,0,7
1738643.521,af59,191,120,-804,0,8
1738651.543,af59,184,100,-800,0,9
1738659.557,af59,188,113,-802,0,10
1738667.57,af59,176,129,-801,0,11
1738675.584,af59,174,116,-798,0,12
1738683.592,af59,172,111,-806,0,13
1738691.611,af59,177,117,-798,0,14
1738699.631,af59,179,119,-806,0,15
1738707.647,af59,169,108,-799,0,16
1738715.653,af59,173,114,-792,0,17
1738723.655,af59,179,110,-818,0,18
1738731.656,af59,168,105,-803,0,19
1738739.655,af59,178,124,-807,0,20
1738747.654,af59,172,98,-805,0,21
1738755.659,af59,185,108,-795,0,22
1738763.661,af59,187,115,-803,0,23
1738771.669,af59,183,117,-803,0,24
1738779.674,af59,162,100,-801,0,25
1738787.672,af59,191,108,-797,0,26
1738795.667,af59,164,110,-804,0,27
1738803.669,af59,182,107,-804,0,28
1738811.669,af59,189,124,-805,0,29
1738819.677,af59,174,109,-793,0,30
1738827.686,af59,180,126,-798,0,31
1738835.697,af59,201,106,-794,0,32
1738843.688,af59,176,110,-806,0,33
1738851.695,af59,187,110,-806,0,34
1738859.703,af59,193,125,-805,0,35
1738867.714,af59,191,113,-804,0,36
1738875.712,af59,174,115,-799,0,37
1738883.72,af59,180,104,-804,0,38
1738891.729,af59,176,119,-803,0,39
1738899.748,af59,188,123,-786,0,40
1738907.768,af59,177,107,-810,0,41
1738915.782,af59,185,120,-797,0,42
1738923.8,af59,182,116,-802,0,43
1738931.814,af59,183,100,-803,0,44
1738939.82,af59,172,107,-803,0,45
1738947.833,af59,188,116,-799,0,46
1738955.856,af59,172,117,-800,0,47
1738963.873,af59,172,119,-806,0,48
1738971.887,af59,167,115,-799,0,49
1738979.898,af59,175,125,-807,0,50
1738987.911,af59,185,130,-801,0,51
1738995.923,af59,173,109,-802,0,52
1739003.931,af59,172,110,-800,0,53
1739011.941,af59,186,103,-792,0,54
1739019.957,af59,183,116,-810,0,55
1739027.962,af59,176,101,-810,0,56
1739035.974,af59,178,102,-794,0,57
1739043.988,af59,183,122,-796,0,58
1739052.002,af59,182,122,-804,0,59
1739060.004,af59,188,107,-793,0,60
1739068.009,af59,187,107,-809,0,61
1739076.022,af59,173,115,-800,0,62
1739084.032,af59,170,115,-803,0,63
1739092.026,af59,181,102,-802,0,64
1739100.018,af59,164,119,-799,0,65
1739108.017,af59,172,117,-798,0,66
1739116.013,af59,169,109,-799,0,67
1739123.981,af59,177,121,-793,0,68
1739131.959,af59,184,108,-816,0,69
1739139.937,af59,173,114,-789,0,70
1739147.912,af59,175,119,-808,0,71
1739155.872,af59,193,119,-796,0,72
1739163.839,af59,174,115,-806,0,73
1739171.81,af59,170,123,-806,0,74
1739179.779,af59,187,115,-780,0,75
1739187.746,af59,168,110,-803,0,76
1739195.696,af59,193,125,-791,0,77
1739203.662,af59,187,115,-802,0,78
1739211.623,af59,181,115,-808,0,79
1739219.592,af59,181,108,-811,0,80
1739227.557,af59,171,117,-809,0,81
1739235.524,af59,188,117,-810,0,82
1739243.492,af59,181,119,-795,0,83
1739251.452,af59,197,125,-809,0,84
1739259.413,af59,180,133,-790,0,85
1739267.372,af59,178,131,-799,0,86
1739275.332,af59,186,119,-812,0,87
1739283.302,af59,180,104,-800,0,88
1739291.265,af59,176,127,-786,0,89
1739299.225,af59,179,120,-812,0,90
1739307.191,af59,172,127,-795,0,91
1739315.15,af59,191,125,-806,0,92
1739323.113,af59,174,100,-804,0,93
1739331.076,af59,193,117,-794,0,94
1739339.042,af59,181,116,-807,0,95
1739347.008,af59,168,116,-787,0,96
1739354.973,af59,188,101,-799,0,97
1739362.932,af59,175,102,-802,0,98
1739370.896,af59,176,115,-802,0,99
1739378.859,af59,192,107,-810,0,100
1739386.828,af59,182,116,-797,0,101
1739394.781,af59,172,107,-803,0,102
1739402.727,af59,156,119,-795,0,103
1739410.681,af59,189,126,-798,0,104
1739418.623,af59,180,112,-796,0,105
1739426.566,af59,178,113,-803,0,106
1739434.51,af59,181,122,-805,0,107
1739442.455,af59,172,106,-812,0,108
1739450.402,af59,183,113,-803,0,109
1739458.347,af59,178,109,-792,0,110
1739466.296,af59,166,121,-789,0,111
1739474.242,af59,176,102,-796,0,112
1739482.182,af59,182,111,-792,0,113
1739490.124,af59,174,116,-808,0,114
1739498.062,af59,180,107,-808,0,115
1739506.001,af59,184,129,-807,0,116
1739513.943,af59,167,122,-807,0,117
1739521.877,af59,174,119,-802,0,118
1739529.817,af59,175,113,-816,0,119
1739537.757,af59,175,121,-808,0,120
1739545.697,af59,177,120,-805,0,121
1739553.642,af59,175,116,-804,0,122
1739561.58,af59,179,108,-808,0,123
1739569.529,af59,186,113,-795,0,124
1739577.487,af59,184,112,-799,0,125
1739585.443,af59,172,116,-791,0,126
1739593.397,af59,181,114,-811,0,127
1739601.337,af59,179,115,-801,0,128
1739609.284,af59,167,115,-799,0,129
1739617.241,af59,169,120,-809,0,130
1739625.194,af59,175,106,-797,0,131
1739633.142,af59,186,106,-782,0,132
1739641.087,af59,186,131,-794,0,133
1739649.036,af59,187,116,-798,0,134
1739656.987,af59,176,111,-807,0,135
1739664.935,af59,190,108,-814,0,136
1739672.882,af59,185,118,-802,0,137
1739680.832,af59,174,118,-798,0,138
1739688.787,af59,176,105,-807,0,139
1739696.738,af59,189,121,-793,0,140
1739704.682,af59,187,111,-808,0,141
1739712.628,af59,176,107,-803,0,142
1739720.586,af59,193,106,-810,0,143
1739728.547,af59,180,117,-815,0,144
1739736.503,af59,182,113,-804,0,145
1739744.462,af59,175,117,-811,0,146
1739752.426,af59,177,121,-793,0,147
1739760.387,af59,175,122,-803,0,148
1739768.343,af59,191,118,-815,0,149
1739776.307,af59,179,119,-802,0,150
1739784.277,af59,171,125,-810,0,151
1739792.237,af59,192,113,-798,0,152
1739800.201,af59,198,113,-808,0,153
1739808.148,af59,179,107,-792,0,154
1739816.092,af59,172,118,-807,0,155
1739824.043,af59,177,111,-813,0,156
1739831.999,af59,183,122,-802,0,157
1739839.951,af59,185,117,-810,0,158
1739847.914,af59,171,104,-797,0,159
1739855.876,af59,191,109,-809,0,160
1739863.842,af59,168,116,-810,0,161
1739871.801,af59,167,109,-809,0,162
1739879.755,af59,191,117,-803,0,163
1739887.713,af59,186,109,-790,0,164
1739895.668,af59,181,100,-794,0,165
1739903.623,af59,178,101,-798,0,166
1739911.577,af59,184,112,-810,0,167
1739919.527,af59,186,117,-808,0,168
1739927.477,af59,173,110,-796,0,169
1739935.435,af59,169,118,-791,0,170
1739943.393,af59,179,101,-798,0,171
1739951.349,af59,166,126,-796,0,172
1739959.3,af59,191,109,-812,0,173
1739967.249,af59,178,115,-809,0,174
1739975.197,af59,187,110,-808,0,175
1739983.138,af59,188,105,-801,0,176
1739991.091,af59,187,118,-794,0,177
1739999.033,af59,176,109,-801,0,178
1740006.977,af59,174,118,-799,0,179
1740014.93,af59,190,106,-799,0,180
1740022.877,af59,166,103,-793,0,181
1740030.831,af59,174,129,-815,0,182
1740038.78,af59,178,102,-801,0,183
1740046.725,af59,177,112,-809,0,184
1740054.663,af59,186,109,-801,0,185
1740062.61,af59,179,100,-801,0,186
1740070.57,af59,173,114,-805,0,187
1740078.527,af59,186,129,-797,0,188
1740086.476,af59,184,107,-802,0,189
1740094.431,af59,186,119,-795,0,190
1740102.382,af59,176,120,-792,0,191
1740110.336,af59,183,118,-802,0,192
1740118.28,af59,174,108,-790,0,193
1740126.228,af59,172,107,-802,0,194
1740134.176,af59,170,115,-797,0,195
1740142.124,af59,176,118,-796,0,196
1740150.072,af59,182,115,-811,0,197
1740158.012,af59,183,113,-796,0,198
1740165.957,af59,161,121,-810,0,199
1740173.897,af59,183,108,-789,0,200
1740181.849,af59,186,116,-786,0,201
1740189.792,af59,187,122,-810,0,202
1740197.741,af59,186,115,-799,0,203
1740205.713,af59,178,112,-809,0,204
1740213.686,af59,172,121,-798,0,205
1740221.657,af59,175,110,-785,0,206
1740229.622,af59,173,129,-813,0,207
1740237.587,af59,175,113,-787,0,208
1740245.554,af59,171,116,-809,0,209
1740253.521,af59,179,125,-810,0,210
1740261.498,af59,182,104,-804,0,211
1740269.475,af59,180,119,-806,0,212
1740277.461,af59,185,118,-792,0,213
1740285.437,af59,184,123,-810,0,214
1740293.414,af59,182,114,-802,0,215
1740301.391,af59,179,120,-798,0,216
1740309.373,af59,172,110,-794,0,217
1740317.354,af59,178,107,-809,0,218
1740325.336,af59,181,107,-795,0,219
1740333.316,af59,177,121,-794,0,220
1740341.29,af59,188,113,-803,0,221
1740349.265,af59,185,134,-808,0,222
1740357.237,af59,176,107,-791,0,223
1740365.246,af59,176,113,-808,0,224
1740373.253,af59,187,111,-817,0,225
1740381.263,af59,191,109,-815,0,226
1740389.268,af59,177,128,-815,0,227
1740397.278,af59,179,116,-793,0,228
1740405.287,af59,189,113,-804,0,229
1740413.29,af59,183,119,-800,0,230
1740421.285,af59,162,117,-794,0,231
1740429.284,af59,166,111,-808,0,232
1740437.294,af59,171,107,-796,0,233
1740445.308,af59,168,120,-799,0,234
1740453.327,af59,175,114,-803,0,235
1740461.347,af59,183,123,-802,0,236
1740469.361,af59,189,135,-802,0,237
1740477.381,af59,181,100,-801,0,238
1740485.4,af59,179,112,-804,0,239
1740493.418,af59,174,111,-806,0,240
1740501.437,af59,177,107,-815,0,241
1740509.449,af59,197,115,-821,0,242
1740517.462,af59,188,118,-804,0,243
1740525.477,af59,182,109,-795,0,244
1740533.49,af59,188,119,-808,0,245
1740541.497,af59,178,132,-808,0,246
1740549.509,af59,176,115,-811,0,247
1740557.526,af59,187,124,-792,0,248
1740565.547,af59,164,113,-805,0,249
1740573.571,af59,175,125,-804,0,250
1740581.594,af59,175,119,-793,0,251
1740589.616,af59,183,109,-791,0,252
1740597.637,af59,175,106,-803,0,253
1740605.65,af59,172,120,-815,0,254
1740613.663,af59,183,91,-812,0,255
1740621.683,af59,181,115,-792,0,0
1740629.697,af59,170,117,-798,0,1
1740637.712,af59,174,127,-800,0,2
1740645.732,af59,171,113,-794,0,3
1740653.757,af59,174,114,-795,0,4
1740661.787,af59,185,121,-811,0,5
1740669.809,af59,181,100,-812,0,6
1740677.831,af59,171,115,-804,0,7
1740685.845,af59,181,102,-799,0,8
1740693.869,af59,187,117,-811,0,9
1740701.892,af59,176,98,-794,0,10
1740709.899,af59,165,107,-805,0,11
1740717.919,af59,191,111,-805,0,12
1740725.937,af59,174,111,-800,0,13
1740733.956,af59,191,116,-806,0,14
1740741.977,af59,176,107,-816,0,15
1740749.988,af59,170,126,-788,0,16
1740758.006,af59,176,115,-804,0,17
1740766.022,af59,177,112,-802,0,18
1740774.038,af59,188,123,-803,0,19
1740782.05,af59,175,119,-808,0,20
1740790.071,af59,174,120,-812,0,21
1740798.097,af59,169,127,-812,0,22
1740806.112,af59,187,112,-807,0,23
1740814.128,af59,180,114,-805,0,24
1740822.145,af59,186,101,-807,0,25
1740830.165,af59,183,108,-806,0,26
1740838.187,af59,188,111,-794,0,27
1740846.196,af59,178,113,-814,0,28
1740854.202,af59,186,114,-807,0,29
1740862.212,af59,184,121,-793,0,30
1740870.217,af59,181,123,-797,0,31
1740878.218,af59,185,112,-802,0,32
1740886.227,af59,184,124,-808,0,33
1740894.244,af59,180,119,-797,0,34
1740902.252,af59,193,111,-793,0,35
1740910.252,af59,188,106,-798,0,36
1740918.236,af59,181,123,-789,0,37
1740926.215,af59,182,113,-800,0,38
1740934.19,af59,174,121,-803,0,39
1740942.17,af59,177,114,-806,0,40
1740950.125,af59,170,115,-796,0,41
1740958.073,af59,180,110,-810,0,42
1740966.028,af59,194,109,-808,0,43
1740973.997,af59,181,110,-798,0,44
1740981.96,af59,195,120,-797,0,45
1740989.919,af59,172,127,-804,0,46
1740997.87,af59,177,117,-806,0,47
1741005.84,af59,169,109,-798,0,48
1741013.792,af59,182,119,-793,0,49
1741021.74,af59,179,112,-804,0,50
1741029.692,af59,175,112,-806,0,51
1741037.657,af59,162,113,-799,0,52
1741045.629,af59,172,105,-803,0,53
1741053.59,af59,176,128,-799,0,54
1741061.552,af59,177,110,-813,0,55
1741069.515,af59,171,129,-801,0,56
1741077.492,af59,188,105,-801,0,57
1741085.473,af59,180,116,-787,0,58
1741093.45,af59,179,108,-809,0,59
1741101.427,af59,192,114,-806,0,60
1741109.404,af59,177,120,-811,0,61
1741117.381,af59,167,116,-789,0,62
1741125.367,af59,170,129,-801,0,63
1741133.339,af59,186,120,-802,0,64
1741141.32,af59,187,110,-796,0,65
1741149.307,af59,172,120,-804,0,66
1741157.287,af59,169,114,-796,0,67
1741165.258,af59,189,123,-791,0,68
1741173.23,af59,183,119,-792,0,69
1741181.202,af59,184,115,-789,0,70
1741189.175,af59,186,120,-798,0,71
1741197.142,af59,180,107,-803,0,72
1741205.116,af59,190,103,-808,0,73
1741213.087,af59,171,119,-816,0,74
1741221.062,af59,189,96,-811,0,75
1741229.031,af59,186,112,-800,0,76
1741236.997,af59,191,102,-793,0,77
1741244.965,af59,179,123,-788,0,78
1741252.939,af59,174,110,-807,0,79
1741260.911,af59,176,103,-816,0,80
1741268.879,af59,186,101,-820,0,81
1741276.836,af59,183,91,-802,0,82
1741284.808,af59,183,121,-797,0,83
1741292.775,af59,185,122,-795,0,84
1741300.737,af59,177,113,-800,0,85
1741308.699,af59,181,107,-798,0,86
1741316.653,af59,188,119,-794,0,87
1741324.612,af59,169,114,-808,0,88
1741332.58,af59,190,121,-810,0,89
1741340.554,af59,171,113,-809,0,90
1741348.526,af59,165,113,-797,0,91
1741356.497,af59,178,128,-798,0,92
1741364.457,af59,168,107,-797,0,93
1741372.416,af59,172,111,-804,0,94
1741380.382,af59,170,118,-818,0,95
1741388.345,af59,172,121,-789,0,96
1741396.318,af59,183,106,-806,0,97
1741404.286,af59,174,107,-805,0,98
1741412.252,af59,191,115,-798,0,99
1741420.216,af59,211,117,-799,0,100
1741428.173,af59,177,99,-805,0,101
1741436.131,af59,187,100,-805,0,102
1741444.087,af59,184,112,-801,0,103
1741452.038,af59,198,113,-795,0,104
1741459.996,af59,181,113,-798,0,105
1741467.961,af59,174,127,-800,0,106
1741475.926,af59,180,109,-802,0,107
1741483.892,af59,172,100,-793,0,108
1741491.865,af59,180,104,-795,0,109
1741499.873,af59,175,111,-801,0,110
1741507.88,af59,179,116,-802,0,111
1741515.883,af59,164,120,-798,0,112
1741523.884,af59,181,116,-803,0,113
1741531.892,af59,163,119,-815,0,114
1741539.903,af59,174,114,-814,0,115
1741547.912,af59,175,111,-803,0,116
1741555.914,af59,175,121,-803,0,117
1741563.917,af59,182,105,-808,0,118
1741571.922,af59,173,112,-806,0,119
1741579.925,af59,186,113,-808,0,120
1741587.923,af59,176,108,-800,0,121
1741595.927,af59,180,119,-804,0,122
1741603.927,af59,185,106,-792,0,123
1741611.922,af59,177,102,-801,0,124
1741619.922,af59,183,123,-808,0,125
1741627.918,af59,178,106,-804,0,126
1741635.922,af59,179,119,-792,0,127
1741643.914,af59,182,129,-805,0,128
1741651.91,af59,192,112,-809,0,129
1741659.903,af59,176,105,-813,0,130
1741667.907,af59,189,116,-804,0,131
1741675.905,af59,178,109,-799,0,132
1741683.909,af59,184,117,-808,0,133
1741691.919,af59,174,110,-807,0,134
1741699.918,af59,178,111,-791,0,135
1741707.912,af59,174,113,-801,0,136
1741715.904,af59,177,110,-812,0,137
1741723.917,af59,196,104,-812,0,138
1741731.921,af59,190,99,-805,0,139
1741739.915,af59,179,110,-807,0,140
1741747.879,af59,184,120,-800,0,141
1741755.847,af59,177,103,-813,0,142
1741763.815,af59,174,111,-806,0,143
1741771.777,af59,168,113,-803,0,144
1741779.744,af59,178,106,-804,0,145
1741787.719,af59,178,125,-798,0,146
1741795.687,af59,182,116,-804,0,147
1741803.665,af59,176,127,-800,0,148
1741811.642,af59,186,115,-793,0,149
1741819.615,af59,179,126,-789,0,150
1741827.58,af59,186,117,-794,0,151
1741835.558,af59,185,129,-806,0,152
1741843.516,af59,187,115,-808,0,153
1741851.469,af59,168,117,-799,0,154
1741859.431,af59,175,114,-794,0,155
1741867.392,af59,189,102,-808,0,156
1741875.352,af59,190,115,-809,0,157
1741883.316,af59,180,106,-803,0,158
1741891.284,af59,170,118,-797,0,159
1741899.247,af59,179,126,-807,0,160
1741907.212,af59,163,117,-805,0,161
1741915.172,af59,171,115,-797,0,162
1741923.139,af59,184,108,-801,0,163
1741931.1,af59,175,118,-811,0,164
1741939.069,af59,172,104,-802,0,165
1741947.03,af59,184,131,-796,0,166
1741954.994,af59,179,128,-799,0,167
1741962.957,af59,176,117,-803,0,168
1741970.923,af59,182,108,-800,0,169
1741978.892,af59,167,112,-798,0,170
1741986.856,af59,168,118,-804,0,171
1741994.809,af59,177,112,-796,0,172
1742002.777,af59,185,115,-801,0,173
1742010.739,af59,185,111,-800,0,174
1742018.7,af59,184,113,-809,0,175
1742026.654,af59,186,104,-806,0,176
1742034.598,af59,188,107,-813,0,177
1742042.545,af59,170,103,-798,0,178
1742050.492,af59,179,121,-793,0,179
1742058.428,af59,181,117,-807,0,180
1742066.382,af59,172,116,-798,0,181
1742074.336,af59,189,120,-803,0,182
1742082.291,af59,171,125,-810,0,183
1742090.241,af59,183,109,-792,0,184
1742098.201,af59,196,117,-810,0,185
1742106.154,af59,184,115,-802,0,186
1742114.09,af59,173,109,-794,0,187
1742122.033,af59,184,114,-803,0,188
1742129.993,af59,183,100,-807,0,189
1742137.956,af59,185,123,-806,0,190
1742145.918,af59,171,129,-808,0,191
1742153.866,af59,169,116,-801,0,192
1742161.817,af59,177,115,-811,0,193
1742169.782,af59,180,117,-810,0,194
1742177.747,af59,177,109,-781,0,195
1742185.71,af59,177,101,-793,0,196
1742193.676,af59,182,137,-808,0,197
1742201.645,af59,168,101,-797,0,198
1742209.614,af59,174,115,-798,0,199
1742217.577,af59,194,120,-798,0,200
1742225.55,af59,176,113,-802,0,201
1742233.521,af59,175,122,-796,0,202
1742241.496,af59,162,119,-803,0,203
1742249.452,af59,185,129,-810,0,204
1742257.415,af59,182,116,-802,0,205
1742265.38,af59,183,115,-806,0,206
1742273.337,af59,165,122,-799,0,207
1742281.287,af59,192,120,-795,0,208
1742289.24,af59,184,119,-803,0,209
1742297.197,af59,177,112,-812,0,210
1742305.161,af59,178,121,-805,0,211
1742313.112,af59,180,109,-806,0,212
1742321.067,af59,184,110,-799,0,213
1742329.032,af59,168,123,-813,0,214
1742337.0,af59,174,131,-805,0,215
1742344.971,af59,181,112,-804,0,216
1742352.943,af59,178,120,-802,0,217
1742360.913,af59,182,97,-807,0,218
1742368.874,af59,193,104,-809,0,219
1742376.836,af59,172,116,-798,0,220
1742384.797,af59,193,121,-803,0,221
1742392.767,af59,176,121,-796,0,222
1742400.732,af59,176,121,-803,0,223
1742408.702,af59,180,118,-808,0,224
1742416.676,af59,166,121,-806,0,225
1742424.652,af59,172,114,-810,0,226
1742432.632,af59,170,115,-806,0,227
1742440.607,af59,176,119,-799,0,228
1742448.587,af59,173,110,-799,0,229
1742456.569,af59,180,127,-806,0,230
1742464.543,af59,191,121,-806,0,231
1742472.515,af59,189,123,-792,0,232
1742480.487,af59,194,109,-799,0,233
1742488.453,af59,183,102,-798,0,234
1742496.414,af59,179,108,-804,0,235
1742504.374,af59,170,113,-799,0,236
1742512.334,af59,180,116,-797,0,237
1742520.293,af59,180,118,-805,0,238
1742528.252,af59,181,110,-797,0,239
1742536.207,af59,175,121,-807,0,240
1742544.171,af59,177,115,-795,0,241
1742552.137,af59,172,126,-811,0,242
1742560.099,af59,181,114,-797,0,243
1742568.063,af59,174,118,-804,0,244
1742576.033,af59,188,107,-800,0,245
1742584.007,af59,191,126,-799,0,246
1742591.968,af59,178,113,-811,0,247
1742599.93,af59,170,118,-794,0,248
1742607.894,af59,185,110,-816,0,249
1742615.856,af59,194,108,-814,0,250
1742623.817,af59,177,120,-806,0,251
1742631.773,af59,183,111,-797,0,252
1742639.725,af59,159,121,-798,0,253
1742647.681,af59,178,117,-809,0,254
1742655.641,af59,162,108,-792,0,255
1742663.604,af59,174,115,-787,0,0
1742671.561,af59,180,107,-810,0,1
1742679.513,af59,167,105,-799,0,2
1742687.47,af59,175,126,-791,0,3
1742695.411,af59,192,114,-798,0,4
1742703.358,af59,183,108,-797,0,5
1742711.307,af59,175,111,-800,0,6
1742719.253,af59,193,119,-792,0,7
1742727.196,af59,178,123,-808,0,8
1742735.137,af59,182,119,-800,0,9
1742743.078,af59,183,125,-806,0,10
1742751.035,af59,190,120,-791,0,11
1742758.992,af59,189,126,-795,0,12
1742766.949,af59,191,109,-802,0,13
1742774.903,af59,173,113,-794,0,14
1742782.842,af59,185,116,-799,0,15
1742790.783,af59,181,113,-809,0,16
1742798.728,af59,180,125,-800,0,17
1742806.672,af59,185,113,-801,0,18
1742814.623,af59,193,111,-813,0,19
1742822.571,af59,186,133,-804,0,20
1742830.521,af59,182,123,-811,0,21
1742838.472,af59,176,121,-804,0,22
1742846.435,af59,178,112,-808,0,23
1742854.392,af59,162,121,-804,0,24
1742862.347,af59,175,108,-802,0,25
1742870.307,af59,180,111,-805,0,26
1742878.269,af59,181,111,-810,0,27
1742886.232,af59,194,118,-802,0,28
1742894.192,af59,185,119,-802,0,29
1742902.139,af59,173,114,-801,0,30
1742910.091,af59,166,108,-807,0,31
1742918.033,af59,190,109,-799,0,32
1742925.977,af59,193,126,-802,0,33
1742933.932,af59,186,107,-801,0,34
1742941.891,af59,170,113,-800,0,35
1742949.854,af59,172,110,-793,0,36
1742957.842,af59,184,117,-803,0,37
1742965.832,af59,174,111,-803,0,38
1742973.817,af59,199,132,-792,0,39
1742981.805,af59,180,118,-798,0,40
1742989.791,af59,170,107,-799,0,41
1742997.775,af59,193,116,-803,0,42
1743005.753,af59,172,106,-804,0,43
1743013.735,af59,179,119,-789,0,44
1743021.718,af59,172,137,-806,0,45
1743029.703,af59,180,105,-805,0,46
1743037.676,af59,187,110,-798,0,47
1743045.653,af59,180,101,-818,0,48
1743053.633,af59,172,122,-798,0,49
1743061.609,af59,176,125,-806,0,50
1743069.582,af59,173,120,-796,0,51
1743077.547,af59,183,114,-811,0,52
1743085.513,af59,180,115,-806,0,53
1743093.487,af59,159,117,-794,0,54
1743101.467,af59,177,119,-802,0,55
1743109.448,af59,180,115,-801,0,56
1743117.426,af59,181,114,-808,0,57
1743125.413,af59,185,100,-808,0,58
1743133.387,af59,190,117,-801,0,59
1743141.367,af59,176,117,-791,0,60
1743149.338,af59,174,110,-797,0,61
1743157.309,af59,173,118,-797,0,62
1743165.285,af59,175,127,-809,0,63
1743173.267,af59,176,111,-797,0,64
1743181.258,af59,180,108,-795,0,65
1743189.252,af59,175,114,-801,0,66
1743197.238,af59,178,118,-818,0,67
1743205.228,af59,175,114,-801,0,68
1743213.213,af59,183,116,-795,0,69
1743221.194,af59,180,105,-813,0,70
1743229.203,af59,168,114,-802,0,71
1743237.212,af59,181,96,-808,0,72
1743245.217,af59,184,108,-810,0,73
1743253.222,af59,181,106,-800,0,74
1743261.237,af59,169,117,-799,0,75
1743269.257,af59,185,113,-812,0,76
1743277.274,af59,190,105,-813,0,77
1743285.281,af59,182,102,-800,0,78
1743293.28,af59,176,109,-805,0,79
1743301.272,af59,190,123,-812,0,80
1743309.262,af59,171,107,-816,0,81
1743317.266,af59,183,122,-803,0,82
1743325.276,af59,176,128,-804,0,83
1743333.281,af59,173,128,-797,0,84
1743341.282,af59,178,115,-799,0,85
1743349.277,af59,178,106,-787,0,86
1743357.271,af59,192,113,-816,0,87
1743365.272,af59,178,119,-790,0,88
1743373.264,af59,177,105,-815,0,89
1743381.257,af59,181,125,-811,0,90
1743389.247,af59,181,120,-813,0,91
1743397.218,af59,181,109,-800,0,92
1743405.182,af59,180,114,-800,0,93
1743413.145,af59,180,111,-812,0,94
1743421.117,af59,183,108,-796,0,95
1743429.098,af59,174,109,-798,0,96
1743437.074,af59,190,102,-804,0,97
1743445.057,af59,177,116,-806,0,98
1743453.048,af59,170,114,-808,0,99
1743461.04,af59,178,125,-795,0,100
1743469.035,af59,189,111,-799,0,101
1743477.024,af59,195,125,-818,0,102
1743485.018,af59,186,109,-807,0,103
1743493.007,af59,183,116,-798,0,104
1743500.994,af59,174,107,-809,0,105
1743508.979,af59,188,121,-804,0,106
1743516.969,af59,177,111,-805,0,107
1743524.957,af59,183,99,-815,0,108
1743532.948,af59,185,112,-805,0,109
1743540.944,af59,183,102,-805,0,110
1743548.93,af59,181,105,-808,0,111
1743556.928,af59,191,115,-806,0,112
1743564.92,af59,182,121,-788,0,113
1743572.916,af59,180,111,-802,0,114
1743580.902,af59,185,121,-788,0,115
1743588.889,af59,184,108,-799,0,116
1743596.876,af59,183,103,-791,0,117
1743604.872,af59,181,115,-810,0,118
1743612.861,af59,169,119,-798,0,119
1743620.856,af59,179,114,-793,0,120
1743628.851,af59,173,125,-791,0,121
1743636.845,af59,182,117,-804,0,122
1743644.832,af59,171,99,-815,0,123
1743652.829,af59,181,119,-787,0,124
1743660.777,af59,178,105,-814,0,125
1743668.692,af59,184,115,-801,0,126
1743676.675,af59,182,113,-812,0,127
1743684.675,af59,190,122,-804,0,128
1743692.677,af59,180,105,-816,0,129
1743700.669,af59,185,106,-800,0,130
1743708.663,af59,176,119,-799,0,131
1743716.659,af59,179,127,-806,0,132
1743724.65,af59,182,116,-802,0,133
1743732.643,af59,181,113,-806,0,134
1743740.636,af59,167,112,-793,0,135
1743748.627,af59,186,114,-797,0,136
1743756.622,af59,172,113,-801,0,137
1743764.618,af59,173,116,-802,0,138
1743772.604,af59,180,99,-812,0,139
1743780.58,af59,190,109,-804,0,140
1743788.567,af59,180,100,-819,0,141
1743796.564,af59,172,125,-811,0,142
1743804.549,af59,183,103,-801,0,143
1743812.539,af59,185,94,-812,0,144
1743820.515,af59,192,112,-800,0,145
1743828.489,af59,182,101,-793,0,146
1743836.462,af59,191,111,-807,0,147
1743844.436,af59,184,104,-800,0,148
1743852.402,af59,191,117,-807,0,149
1743860.373,af59,184,117,-796,0,150
1743868.355,af59,166,109,-799,0,151
1743876.339,af59,181,116,-818,0,152
1743884.324,af59,178,109,-814,0,153
1743892.305,af59,180,112,-794,0,154
1743900.277,af59,194,121,-794,0,155
1743908.253,af59,185,114,-808,0,156
1743916.238,af59,199,118,-803,0,157
1743924.232,af59,186,115,-810,0,158
1743932.23,af59,175,113,-806,0,159
1743940.224,af59,173,113,-798,0,160
1743948.211,af59,180,103,-817,0,161
1743956.187,af59,171,110,-808,0,162
1743964.165,af59,183,114,-802,0,163
1743972.152,af59,169,116,-790,0,164
1743980.133,af59,174,113,-801,0,165
1743988.126,af59,168,116,-805,0,166
1743996.128,af59,175,108,-807,0,167
1744004.117,af59,182,125,-805,0,168
1744012.092,af59,174,109,-801,0,169
1744020.066,af59,194,118,-807,0,170
1744028.049,af59,175,112,-813,0,171
1744036.029,af59,172,122,-798,0,172
1744044.007,af59,179,104,-803,0,173
1744051.991,af59,187,120,-811,0,174
1744059.972,af59,176,117,-797,0,175
1744067.957,af59,176,98,-804,0,176
1744075.937,af59,176,105,-805,0,177
1744083.92,af59,180,114,-790,0,178
1744091.902,af59,173,112,-796,0,179
1744099.875,af59,187,119,-805,0,180
1744107.827,af59,180,133,-802,0,181
1744115.777,af59,176,121,-809,0,182
1744123.727,af59,184,120,-816,0,183
1744131.687,af59,174,105,-807,0,184
1744139.637,af59,174,111,-806,0,185
1744147.598,af59,171,121,-794,0,186
1744155.557,af59,193,118,-809,0,187
1744163.506,af59,186,110,-794,0,188
1744171.457,af59,177,110,-797,0,189
1744179.417,af59,184,127,-801,0,190
1744187.366,af59,172,116,-809,0,191
1744195.307,af59,176,111,-816,0,192
1744203.258,af59,166,103,-794,0,193
1744211.217,af59,183,105,-794,0,194
1744219.177,af59,181,113,-791,0,195
1744227.118,af59,183,106,-807,0,196
1744235.066,af59,189,119,-798,0,197
1744243.013,af59,179,119,-804,0,198
1744250.956,af59,176,121,-810,0,199
1744258.909,af59,183,104,-802,0,200
1744266.863,af59,170,111,-808,0,201
1744274.817,af59,169,117,-801,0,202
1744282.766,af59,191,121,-793,0,203
1744290.72,af59,170,102,-796,0,204
1744298.673,af59,186,127,-807,0,205
1744306.629,af59,182,121,-786,0,206
1744314.587,af59,190,110,-800,0,207
1744322.56,af59,182,105,-807,0,208
1744330.563,af59,187,106,-802,0,209
1744338.563,af59,186,103,-799,0,210
1744346.55,af59,179,117,-802,0,211
1744354.524,af59,189,123,-799,0,212
1744362.514,af59,183,111,-805,0,213
1744370.502,af59,189,104,-801,0,214
1744378.48,af59,184,116,-811,0,215
1744386.432,af59,177,101,-806,0,216
1744394.386,af59,175,125,-806,0,217
1744402.341,af59,190,111,-806,0,218
1744410.294,af59,178,129,-810,0,219
1744418.247,af59,184,120,-797,0,220
1744426.208,af59,164,116,-791,0,221
1744434.161,af59,179,121,-797,0,222
1744442.115,af59,177,106,-798,0,223
1744450.068,af59,184,118,-794,0,224
1744458.027,af59,163,108,-793,0,225
1744465.992,af59,177,113,-799,0,226
1744473.957,af59,174,100,-810,0,227
1744481.921,af59,183,121,-795,0,228
1744489.873,af59,174,115,-804,0,229
1744497.827,af59,172,121,-794,0,230
1744505.795,af59,187,104,-796,0,231
1744513.762,af59,164,119,-802,0,232
1744521.744,af59,172,116,-794,0,233
1744529.713,af59,180,103,-798,0,234
1744537.689,af59,177,118,-802,0,235
1744545.678,af59,179,106,-811,0,236
1744553.667,af59,176,117,-800,0,237
1744561.648,af59,168,112,-804,0,238
1744569.624,af59,185,103,-814,0,239
1744577.595,af59,166,95,-811,0,240
1744585.569,af59,173,108,-806,0,241
1744593.547,af59,186,119,-789,0,242
1744601.527,af59,183,128,-794,0,243
1744609.487,af59,192,115,-799,0,244
1744617.444,af59,174,108,-793,0,245
1744625.411,af59,171,120,-801,0,246
1744633.396,af59,178,127,-809,0,247
1744641.375,af59,204,109,-791,0,248
1744649.353,af59,178,116,-807,0,249
1744657.332,af59,177,114,-805,0,250
1744665.304,af59,184,107,-797,0,251
1744673.269,af59,185,108,-803,0,252
1744681.228,af59,185,108,-803,0,253
1744689.192,af59,178,115,-801,0,254
1744697.146,af59,190,119,-808,0,255
1744705.116,af59,180,127,-803,0,0
1744713.085,af59,170,114,-810,0,1
1744721.051,af59,185,108,-792,0,2
1744729.025,af59,173,119,-801,0,3
1744736.995,af59,174,119,-804,0,4
1744744.969,af59,182,113,-813,0,5
1744752.941,af59,174,112,-796,0,6
1744760.908,af59,188,107,-779,0,7
1744768.876,af59,179,109,-806,0,8
1744776.845,af59,181,115,-798,0,9
1744784.805,af59,185,116,-795,0,10
1744792.771,af59,184,112,-802,0,11
1744800.737,af59,163,110,-814,0,12
1744808.691,af59,194,97,-809,0,13
1744816.662,af59,182,114,-809,0,14
1744824.657,af59,170,129,-796,0,15
1744832.657,af59,171,124,-807,0,16
1744840.652,af59,181,117,-789,0,17
1744848.642,af59,177,115,-803,0,18
1744856.632,af59,181,120,-805,0,19
1744864.619,af59,179,111,-810,0,20
1744872.604,af59,170,110,-810,0,21
1744880.599,af59,182,109,-794,0,22
1744888.6,af59,179,108,-820,0,23
1744896.595,af59,170,113,-804,0,24
1744904.588,af59,170,120,-804,0,25
1744912.587,af59,171,124,-806,0,26
1744920.582,af59,174,116,-796,0,27
1744928.579,af59,170,129,-807,0,28
1744936.577,af59,181,111,-797,0,29
1744944.572,af59,187,123,-802,0,30
1744952.577,af59,178,117,-803,0,31
1744960.583,af59,171,108,-798,0,32
1744968.583,af59,170,107,-813,0,33
1744976.588,af59,172,121,-802,0,34
1744984.586,af59,187,111,-805,0,35
1744992.582,af59,171,109,-805,0,36
1745000.567,af59,182,106,-806,0,37
1745008.547,af59,189,120,-801,0,38
1745016.532,af59,181,103,-802,0,39
1745024.526,af59,177,113,-796,0,40
1745032.522,af59,184,121,-802,0,41
1745040.512,af59,170,121,-808,0,42
1745048.502,af59,181,111,-802,0,43
1745056.499,af59,192,118,-795,0,44
1745064.497,af59,177,113,-813,0,45
1745072.497,af59,185,107,-794,0,46
1745080.493,af59,173,107,-802,0,47
1745088.492,af59,185,114,-801,0,48
1745096.486,af59,177,123,-815,0,49
1745104.486,af59,176,117,-810,0,50
1745112.483,af59,177,129,-803,0,51
1745120.494,af59,177,117,-809,0,52
1745128.503,af59,188,108,-808,0,53
1745136.512,af59,174,107,-807,0,54
1745144.514,af59,156,113,-792,0,55
1745152.517,af59,180,100,-812,0,56
1745160.527,af59,178,113,-801,0,57
1745168.527,af59,181,116,-806,0,58
1745176.522,af59,178,111,-803,0,59
1745184.517,af59,181,119,-814,0,60
1745192.502,af59,187,115,-813,0,61
1745200.487,af59,177,113,-801,0,62
1745208.489,af59,183,106,-789,0,63
1745216.493,af59,188,106,-803,0,64
1745224.492,af59,184,115,-811,0,65
1745232.49,af59,179,113,-804,0,66
1745240.482,af59,182,129,-790,0,67
1745248.471,af59,178,123,-802,0,68
1745256.467,af59,182,102,-803,0,69
1745264.462,af59,186,118,-805,0,70
1745272.46,af59,177,115,-803,0,71
1745280.46,af59,171,104,-798,0,72
1745288.462,af59,182,116,-810,0,73
1745296.463,af59,189,116,-795,0,74
1745304.455,af59,177,119,-801,0,75
1745312.449,af59,178,108,-784,0,76
1745320.452,af59,183,111,-789,0,77
1745328.449,af59,195,125,-809,0,78
1745336.411,af59,174,121,-814,0,79
1745344.366,af59,169,102,-806,0,80
1745352.315,af59,180,119,-800,0,81
1745360.262,af59,176,118,-808,0,82
1745368.214,af59,182,119,-810,0,83
1745376.147,af59,177,102,-818,0,84
1745384.085,af59,163,108,-797,0,85
1745392.027,af59,172,99,-802,0,86
1745399.972,af59,164,116,-808,0,87
1745407.927,af59,177,125,-814,0,88
1745415.883,af59,164,113,-801,0,89
1745423.838,af59,193,108,-816,0,90
1745431.782,af59,186,111,-811,0,91
1745439.725,af59,175,118,-806,0,92
1745447.672,af59,178,129,-791,0,93
1745455.611,af59,180,120,-801,0,94
1745463.564,af59,177,112,-799,0,95
1745471.514,af59,190,105,-807,0,96
1745479.462,af59,186,101,-797,0,97
1745487.414,af59,176,106,-807,0,98
1745495.372,af59,169,98,-807,0,99
1745503.337,af59,178,121,-807,0,100
1745511.3,af59,169,106,-799,0,101
1745519.262,af59,191,114,-807,0,102
1745527.209,af59,178,111,-795,0,103
1745535.16,af59,184,109,-812,0,104
1745543.107,af59,188,121,-799,0,105
1745551.066,af59,168,120,-798,0,106
1745559.016,af59,191,112,-800,0,107
1745566.969,af59,179,111,-783,0,108
1745574.932,af59,180,125,-808,0,109
1745582.887,af59,184,141,-787,0,110
1745590.841,af59,172,110,-800,0,111
1745598.798,af59,186,113,-787,0,112
1745606.76,af59,183,123,-810,0,113
1745614.719,af59,173,119,-798,0,114
1745622.681,af59,175,124,-791,0,115
1745630.643,af59,168,130,-802,0,116
1745638.607,af59,185,130,-800,0,117
1745646.571,af59,190,117,-809,0,118
1745654.527,af59,168,106,-813,0,119
1745662.487,af59,184,121,-800,0,120
1745670.442,af59,180,133,-816,0,121
1745678.403,af59,183,123,-805,0,122
1745686.372,af59,179,129,-803,0,123
1745694.326,af59,173,118,-807,0,124
1745702.283,af59,175,129,-812,0,125
1745710.24,af59,182,128,-816,0,126
1745718.204,af59,186,115,-812,0,127
1745726.165,af59,183,120,-808,0,128
1745734.135,af59,182,97,-810,0,129
1745742.108,af59,170,112,-792,0,130
1745750.077,af59,187,114,-792,0,131
1745758.049,af59,192,118,-792,0,132
1745766.016,af59,176,115,-787,0,133
1745773.981,af59,179,119,-795,0,134
1745781.932,af59,187,107,-796,0,135
1745789.89,af59,182,107,-801,0,136
1745797.845,af59,187,100,-820,0,137
1745805.786,af59,176,119,-801,0,138
1745813.727,af59,172,101,-806,0,139
1745821.669,af59,179,107,-795,0,140
1745829.622,af59,169,117,-803,0,141
1745837.582,af59,181,102,-787,0,142
1745845.547,af59,181,110,-797,0,143
1745853.504,af59,187,105,-812,0,144
1745861.457,af59,193,117,-806,0,145
1745869.408,af59,184,107,-802,0,146
1745877.358,af59,174,119,-800,0,147
1745885.318,af59,169,121,-802,0,148
1745893.27,af59,172,124,-809,0,149
1745901.213,af59,173,113,-807,0,150
1745909.157,af59,179,108,-786,0,151
1745917.101,af59,173,113,-792,0,152
1745925.05,af59,169,108,-809,0,153
1745933.005,af59,179,115,-803,0,154
1745940.955,af59,172,114,-808,0,155
1745948.904,af59,177,121,-813,0,156
1745956.862,af59,181,127,-809,0,157
1745964.817,af59,174,125,-794,0,158
1745972.76,af59,183,120,-806,0,159
1745980.711,af59,174,119,-796,0,160
1745988.67,af59,188,114,-796,0,161
1745996.618,af59,178,129,-806,0,162
1746004.572,af59,189,126,-800,0,163
1746012.525,af59,199,120,-795,0,164
1746020.492,af59,181,117,-810,0,165
1746028.449,af59,174,124,-796,0,166
1746036.395,af59,191,117,-798,0,167
1746044.345,af59,188,113,-803,0,168
1746052.296,af59,186,106,-803,0,169
1746060.241,af59,170,125,-807,0,170
1746068.191,af59,179,122,-794,0,171
1746076.145,af59,174,121,-803,0,172
1746084.099,af59,172,110,-803,0,173
1746092.054,af59,182,128,-805,0,174
1746100.014,af59,192,119,-799,0,175
1746107.971,af59,186,117,-795,0,176
1746115.934,af59,172,118,-795,0,177
1746123.892,af59,166,112,-812,0,178
1746131.837,af59,194,125,-797,0,179
1746139.793,af59,175,98,-797,0,180
1746147.745,af59,187,100,-803,0,181
1746155.682,af59,176,117,-807,0,182
1746163.623,af59,168,119,-796,0,183
1746171.569,af59,160,119,-801,0,184
1746179.522,af59,180,114,-804,0,185
1746187.465,af59,195,122,-808,0,186
1746195.41,af59,180,124,-800,0,187
1746203.36,af59,176,111,-798,0,188
1746211.312,af59,182,109,-807,0,189
1746219.267,af59,174,108,-808,0,190
1746227.217,af59,174,117,-804,0,191
1746235.163,af59,183,107,-800,0,192
1746243.121,af59,179,113,-796,0,193
1746251.083,af59,177,116,-809,0,194
1746259.037,af59,170,102,-800,0,195
1746266.982,af59,189,116,-830,0,196
1746274.922,af59,176,115,-795,0,197
1746282.876,af59,176,128,-805,0,198
1746290.822,af59,174,125,-810,0,199
1746298.768,af59,191,122,-809,0,200
1746306.712,af59,197,101,-811,0,201
1746314.67,af59,181,119,-811,0,202
1746322.636,af59,179,122,-801,0,203
1746330.617,af59,175,125,-798,0,204
1746338.601,af59,174,106,-808,0,205
1746346.572,af59,180,115,-818,0,206
1746354.532,af59,183,106,-802,0,207
1746362.487,af59,184,107,-804,0,208
1746370.447,af59,170,132,-810,0,209
1746378.408,af59,187,104,-814,0,210
1746386.363,af59,182,106,-808,0,211
1746394.322,af59,182,111,-797,0,212
1746402.283,af59,174,123,-796,0,213
1746410.239,af59,185,107,-806,0,214
1746418.186,af59,174,127,-805,0,215
1746426.137,af59,183,118,-812,0,216
1746434.091,af59,186,115,-807,0,217
1746442.033,af59,178,111,-804,0,218
1746449.993,af59,195,113,-799,0,219
1746457.952,af59,177,119,-805,0,220
1746465.902,af59,167,114,-807,0,221
1746473.865,af59,189,120,-815,0,222
1746481.837,af59,185,103,-802,0,223
1746489.817,af59,179,103,-798,0,224
1746497.8,af59,180,121,-804,0,225
1746505.771,af59,172,111,-810,0,226
1746513.734,af59,177,125,-808,0,227
1746521.71,af59,174,118,-811,0,228
1746529.69,af59,179,125,-801,0,229
1746537.672,af59,187,114,-802,0,230
1746545.649,af59,179,107,-794,0,231
1746553.632,af59,175,112,-797,0,232
1746561.607,af59,177,115,-791,0,233
1746569.579,af59,184,114,-792,0,234
1746577.549,af59,191,111,-819,0,235
1746585.513,af59,185,119,-801,0,236
1746593.482,af59,186,123,-818,0,237
1746601.437,af59,177,110,-802,0,238
1746609.387,af59,182,129,-816,0,239
1746617.344,af59,184,110,-810,0,240
1746625.296,af59,180,107,-810,0,241
1746633.257,af59,183,118,-810,0,242
1746641.221,af59,193,98,-791,0,243
1746649.181,af59,175,121,-808,0,244
1746657.138,af59,188,118,-812,0,245
1746665.088,af59,173,129,-810,0,246
1746673.042,af59,186,109,-803,0,247
1746680.994,af59,184,116,-801,0,248
1746688.934,af59,174,125,-789,0,249
1746696.881,af59,181,104,-800,0,250
1746704.829,af59,180,117,-797,0,251
1746712.792,af59,176,118,-797,0,252
1746720.745,af59,178,124,-809,0,253
1746728.699,af59,190,113,-813,0,254
1746736.655,af59,166,113,-805,0,255
1746744.613,af59,194,104,-795,0,0
1746752.562,af59,180,114,-782,0,1
1746760.511,af59,178,115,-797,0,2
1746768.457,af59,179,108,-787,0,3
1746776.417,af59,183,102,-807,0,4
1746784.377,af59,190,111,-801,0,5
1746792.342,af59,174,107,-816,0,6
1746800.307,af59,176,95,-819,0,7
1746808.277,af59,168,116,-808,0,8
1746816.239,af59,185,96,-788,0,9
1746824.197,af59,170,112,-806,0,10
1746832.155,af59,182,109,-808,0,11
1746840.119,af59,188,123,-789,0,12
1746848.083,af59,192,130,-808,0,13
1746856.046,af59,172,115,-802,0,14
1746864.017,af59,177,113,-806,0,15
1746871.987,af59,187,111,-806,0,16
1746879.935,af59,183,106,-801,0,17
1746887.891,af59,181,118,-820,0,18
1746895.848,af59,181,124,-794,0,19
1746903.809,af59,184,127,-807,0,20
1746911.755,af59,170,110,-797,0,21
1746919.701,af59,170,117,-812,0,22
1746927.653,af59,177,120,-801,0,23
1746935.6,af59,187,115,-791,0,24
1746943.547,af59,179,125,-803,0,25
1746951.507,af59,189,122,-803,0,26
1746959.462,af59,201,106,-789,0,27
1746967.422,af59,182,108,-802,0,28
1746975.382,af59,184,131,-810,0,29
1746983.344,af59,179,118,-810,0,30
1746991.295,af59,194,117,-810,0,31
1746999.246,af59,196,106,-802,0,32
1747007.202,af59,183,126,-816,0,33
1747015.172,af59,170,126,-798,0,34
1747023.13,af59,168,125,-787,0,35
1747031.085,af59,173,91,-803,0,36
1747039.04,af59,171,119,-802,0,37
1747047.007,af59,174,121,-809,0,38
1747054.967,af59,183,110,-806,0,39
1747062.92,af59,180,115,-797,0,40
1747070.868,af59,172,121,-796,0,41
1747078.813,af59,177,109,-815,0,42
1747086.756,af59,187,109,-807,0,43
1747094.701,af59,183,120,-797,0,44
1747102.659,af59,185,118,-799,0,45
1747110.613,af59,191,127,-802,0,46
1747118.575,af59,171,113,-804,0,47
1747126.524,af59,180,127,-798,0,48
1747134.468,af59,184,119,-798,0,49
1747142.424,af59,187,111,-816,0,50
1747150.377,af59,176,114,-809,0,51
1747158.327,af59,169,107,-805,0,52
1747166.275,af59,177,116,-796,0,53
1747174.221,af59,173,103,-818,0,54
1747182.164,af59,177,126,-815,0,55
1747190.113,af59,181,107,-803,0,56
1747198.06,af59,188,120,-800,0,57
1747206.012,af59,179,117,-807,0,58
1747213.962,af59,175,121,-791,0,59
1747221.908,af59,182,105,-806,0,60
1747229.855,af59,185,108,-814,0,61
1747237.805,af59,176,109,-798,0,62
1747245.763,af59,170,124,-806,0,63
1747253.722,af59,178,101,-814,0,64
1747261.677,af59,173,112,-800,0,65
1747269.632,af59,183,112,-807,0,66
1747277.597,af59,175,105,-802,0,67
1747285.549,af59,180,116,-816,0,68
1747293.503,af59,187,115,-806,0,69
1747301.462,af59,174,133,-803,0,70
1747309.42,af59,175,102,-796,0,71
1747317.377,af59,182,105,-805,0,72
1747325.338,af59,195,112,-806,0,73
1747333.293,af59,182,117,-803,0,74
1747341.238,af59,188,114,-803,0,75
1747349.185,af59,174,112,-797,0,76
1747357.147,af59,188,105,-795,0,77
1747365.106,af59,176,101,-803,0,78
1747373.052,af59,184,122,-815,0,79
1747380.996,af59,174,116,-808,0,80
1747388.951,af59,172,111,-799,0,81
1747396.891,af59,173,114,-803,0,82
1747404.843,af59,183,116,-807,0,83
1747412.797,af59,176,115,-795,0,84
1747420.745,af59,196,107,-804,0,85
1747428.694,af59,178,121,-813,0,86
1747436.642,af59,180,100,-812,0,87
1747444.594,af59,169,108,-808,0,88
1747452.543,af59,168,118,-804,0,89
1747460.488,af59,190,113,-802,0,90
1747468.429,af59,188,111,-801,0,91
1747476.362,af59,172,116,-802,0,92
1747484.293,af59,186,129,-803,0,93
1747492.232,af59,159,111,-814,0,94
1747500.178,af59,189,105,-800,0,95
1747508.126,af59,181,116,-793,0,96
1747516.069,af59,192,114,-786,0,97
1747524.012,af59,187,108,-802,0,98
1747531.972,af59,162,111,-805,0,99
1747539.922,af59,176,124,-811,0,100
1747547.874,af59,176,129,-806,0,101
1747555.818,af59,180,127,-804,0,102
1747563.767,af59,165,123,-789,0,103
1747571.717,af59,175,125,-809,0,104
1747579.661,af59,167,122,-805,0,105
1747587.596,af59,177,117,-820,0,106
1747595.532,af59,184,126,-810,0,107
1747603.476,af59,174,123,-788,0,108
1747611.412,af59,175,128,-802,0,109
1747619.352,af59,174,103,-824,0,110
1747627.292,af59,181,105,-811,0,111
1747635.232,af59,181,118,-802,0,112
1747643.174,af59,182,118,-818,0,113
1747651.112,af59,182,109,-795,0,114
1747659.051,af59,178,109,-798,0,115
1747666.997,af59,177,121,-786,0,116
1747674.948,af59,176,103,-797,0,117
1747682.912,af59,181,124,-800,0,118
1747690.873,af59,186,119,-803,0,119
1747698.829,af59,183,101,-800,0,120
1747706.782,af59,173,107,-797,0,121
1747714.742,af59,173,115,-801,0,122
1747722.694,af59,181,118,-797,0,123
1747730.652,af59,174,110,-795,0,124
1747738.605,af59,185,109,-808,0,125
1747746.564,af59,179,105,-802,0,126
1747754.527,af59,182,119,-792,0,127
1747762.475,af59,180,119,-810,0,128
1747770.427,af59,181,117,-806,0,129
1747778.371,af59,178,122,-799,0,130
1747786.328,af59,175,115,-803,0,131
1747794.289,af59,197,128,-806,0,132
1747802.249,af59,186,116,-812,0,133
1747810.205,af59,177,114,-799,0,134
1747818.168,af59,185,109,-795,0,135
1747826.133,af59,178,104,-808,0,136
1747834.088,af59,187,101,-809,0,137
1747842.061,af59,177,115,-801,0,138
1747850.031,af59,174,113,-808,0,139
1747858.0,af59,183,106,-804,0,140
1747865.967,af59,160,109,-808,0,141
1747873.936,af59,178,114,-802,0,142
1747881.892,af59,182,109,-800,0,143
1747889.855,af59,189,114,-796,0,144
1747897.813,af59,175,116,-797,0,145
1747905.778,af59,170,119,-800,0,146
1747913.744,af59,172,116,-804,0,147
1747921.707,af59,179,131,-806,0,148
1747929.663,af59,196,117,-797,0,149
1747937.625,af59,179,114,-812,0,150
1747945.586,af59,180,119,-807,0,151
1747953.55,af59,185,98,-812,0,152
1747961.515,af59,182,111,-785,0,153
1747969.472,af59,180,116,-809,0,154
1747977.43,af59,179,112,-805,0,155
1747985.384,af59,170,109,-799,0,156
1747993.329,af59,168,117,-803,0,157
1748001.277,af59,184,108,-803,0,158
1748009.226,af59,175,114,-797,0,159
1748017.185,af59,172,105,-797,0,160
1748025.135,af59,179,112,-815,0,161
1748033.097,af59,181,126,-801,0,162
1748041.057,af59,190,113,-793,0,163
1748049.019,af59,178,119,-798,0,164
1748056.985,af59,180,111,-811,0,165
1748064.942,af59,180,106,-810,0,166
1748072.894,af59,179,118,-812,0,167
1748080.847,af59,173,101,-793,0,168
1748088.808,af59,186,113,-796,0,169
1748096.765,af59,178,113,-809,0,170
1748104.722,af59,184,118,-806,0,171
1748112.684,af59,184,119,-803,0,172
1748120.652,af59,173,101,-798,0,173
1748128.607,af59,193,119,-788,0,174
1748136.573,af59,179,106,-799,0,175
1748144.542,af59,176,108,-824,0,176
1748152.497,af59,167,104,-803,0,177
1748160.46,af59,176,105,-799,0,178
1748168.423,af59,186,116,-817,0,179
1748176.386,af59,178,99,-806,0,180
1748184.347,af59,170,109,-810,0,181
1748192.307,af59,177,111,-801,0,182
1748200.262,af59,187,115,-795,0,183
1748208.225,af59,177,116,-815,0,184
1748216.194,af59,189,109,-814,0,185
1748224.149,af59,176,106,-800,0,186
1748232.1,af59,180,115,-808,0,187
1748240.064,af59,191,114,-808,0,188
1748248.03,af59,178,113,-798,0,189
1748255.992,af59,163,117,-803,0,190
1748263.95,af59,183,118,-796,0,191
1748271.91,af59,178,110,-796,0,192
1748279.874,af59,178,111,-805,0,193
1748287.835,af59,186,125,-810,0,194
1748295.802,af59,179,107,-810,0,195
1748303.769,af59,192,115,-805,0,196
1748311.737,af59,189,116,-802,0,197
1748319.708,af59,176,111,-805,0,198
1748327.686,af59,180,117,-808,0,199
1748335.657,af59,175,103,-805,0,200
1748343.627,af59,187,117,-807,0,201
1748351.612,af59,185,110,-803,0,202
1748359.59,af59,181,112,-813,0,203
1748367.563,af59,185,109,-808,0,204
1748375.548,af59,189,115,-814,0,205
1748383.534,af59,178,113,-800,0,206
1748391.52,af59,174,117,-794,0,207
1748399.499,af59,189,113,-802,0,208
1748407.478,af59,194,108,-799,0,209
1748415.456,af59,183,113,-815,0,210
1748423.442,af59,181,102,-814,0,211
1748431.43,af59,179,105,-810,0,212
1748439.423,af59,187,106,-795,0,213
1748447.413,af59,159,123,-801,0,214
1748455.398,af59,178,114,-796,0,215
1748463.374,af59,179,111,-815,0,216
1748471.355,af59,195,121,-795,0,217
1748479.342,af59,182,113,-804,0,218
1748487.336,af59,177,112,-814,0,219
1748495.326,af59,184,123,-796,0,220
1748503.312,af59,170,112,-804,0,221
1748511.306,af59,174,113,-804,0,222
1748519.297,af59,205,118,-804,0,223
1748527.283,af59,182,113,-825,0,224
1748535.266,af59,177,121,-812,0,225
1748543.252,af59,174,110,-806,0,226
1748551.245,af59,177,123,-798,0,227
1748559.234,af59,185,114,-807,0,228
1748567.211,af59,182,108,-797,0,229
1748575.191,af59,178,113,-805,0,230
1748583.177,af59,179,104,-816,0,231
1748591.164,af59,174,119,-798,0,232
1748599.148,af59,176,127,-798,0,233
1748607.134,af59,170,100,-811,0,234
1748615.115,af59,176,117,-803,0,235
1748623.106,af59,185,115,-797,0,236
1748631.102,af59,161,112,-800,0,237
1748639.102,af59,170,116,-804,0,238
1748647.106,af59,178,115,-801,0,239
1748655.112,af59,181,119,-801,0,240
1748663.112,af59,172,116,-796,0,241
1748671.121,af59,181,121,-809,0,242
1748679.117,af59,168,115,-812,0,243
1748687.109,af59,182,121,-818,0,244
1748695.092,af59,179,114,-808,0,245
1748703.078,af59,164,107,-800,0,246
1748711.059,af59,186,108,-804,0,247
1748719.04,af59,176,113,-800,0,248
1748727.02,af59,181,116,-794,0,249
1748735.005,af59,179,118,-811,0,250
1748742.986,af59,172,109,-804,0,251
1748750.968,af59,174,116,-788,0,252
1748758.961,af59,173,107,-796,0,253
1748766.952,af59,176,121,-797,0,254
1748774.94,af59,179,114,-820,0,255
1748782.922,af59,177,110,-798,0,0
1748790.912,af59,169,112,-802,0,1
1748798.889,af59,172,107,-803,0,2
1748806.837,af59,174,108,-819,0,3
1748814.796,af59,171,112,-805,0,4
1748822.757,af59,184,121,-799,0,5
1748830.721,af59,190,119,-803,0,6
1748838.679,af59,170,116,-801,0,7
1748846.639,af59,179,118,-795,0,8
1748854.599,af59,174,119,-801,0,9
1748862.563,af59,179,118,-807,0,10
1748870.539,af59,185,112,-797,0,11
1748878.522,af59,186,113,-815,0,12
1748886.505,af59,182,117,-802,0,13
1748894.489,af59,180,111,-803,0,14
1748902.476,af59,170,108,-800,0,15
1748910.459,af59,189,112,-804,0,16
1748918.452,af59,183,115,-795,0,17
1748926.448,af59,178,123,-810,0,18
1748934.449,af59,194,113,-807,0,19
1748942.451,af59,184,108,-816,0,20
1748950.439,af59,162,113,-807,0,21
1748958.413,af59,169,123,-814,0,22
1748966.385,af59,175,127,-798,0,23
1748974.349,af59,175,112,-817,0,24
1748982.32,af59,184,122,-802,0,25
1748990.285,af59,187,116,-804,0,26
1748998.247,af59,174,115,-805,0,27
1749006.209,af59,174,120,-801,0,28
1749014.172,af59,194,123,-808,0,29
1749022.138,af59,177,108,-799,0,30
1749030.093,af59,183,97,-813,0,31
1749038.059,af59,167,119,-797,0,32
1749046.012,af59,157,122,-803,0,33
1749053.962,af59,169,111,-802,0,34
1749061.912,af59,174,108,-816,0,35
1749069.863,af59,168,115,-810,0,36
1749077.814,af59,187,106,-804,0,37
1749085.771,af59,178,111,-790,0,38
1749093.733,af59,182,106,-806,0,39
1749101.69,af59,167,110,-796,0,40
1749109.654,af59,192,124,-804,0,41
1749117.632,af59,198,91,-797,0,42
1749125.597,af59,181,101,-795,0,43
1749133.568,af59,191,113,-800,0,44
1749141.528,af59,170,107,-807,0,45
1749149.499,af59,189,100,-796,0,46
1749157.451,af59,168,107,-797,0,47
1749165.41,af59,176,111,-806,0,48
1749173.372,af59,183,119,-801,0,49
1749181.341,af59,181,127,-815,0,50
1749189.305,af59,179,110,-801,0,51
1749197.261,af59,189,124,-783,0,52
1749205.222,af59,185,101,-812,0,53
1749213.183,af59,179,121,-802,0,54
1749221.15,af59,172,105,-798,0,55
1749229.104,af59,174,105,-806,0,56
1749237.071,af59,181,113,-800,0,57
1749245.042,af59,182,118,-795,0,58
1749253.013,af59,185,117,-815,0,59
1749260.974,af59,179,117,-796,0,60
1749268.936,af59,175,105,-800,0,61
1749276.895,af59,171,118,-795,0,62
1749284.856,af59,187,133,-807,0,63
1749292.826,af59,154,110,-800,0,64
1749300.792,af59,173,129,-799,0,65
1749308.743,af59,187,111,-805,0,66
1749316.692,af59,182,121,-810,0,67
1749324.645,af59,187,96,-812,0,68
1749332.593,af59,164,109,-790,0,69
1749340.559,af59,178,104,-806,0,70
1749348.521,af59,180,109,-800,0,71
1749356.481,af59,175,114,-806,0,72
1749364.442,af59,171,92,-793,0,73
1749372.4,af59,189,115,-804,0,74
1749380.363,af59,174,110,-792,0,75
1749388.324,af59,183,125,-810,0,76
1749396.28,af59,170,109,-803,0,77
1749404.235,af59,174,124,-799,0,78
1749412.195,af59,182,105,-811,0,79
